Kode #Nama Barang,Kode #,Nama Barang
100001AYAM DADA FILLET - CP,100001,AYAM DADA FILLET - CP
100004BAWANG PUTIH - CP,100004,BAWANG PUTIH - CP
100006CABE RAWIT - CP,100006,CABE RAWIT - CP
100011GULA -RESTO,100011,GULA - RESTO
100016KULIT PANGSIT,100016,KULIT PANGSIT
100017LPG 12KG,100017,LPG 12KG
100025TEPUNG ROTI,100025,TEPUNG ROTI
100026WORTEL - CP,100026,WORTEL - CP
100028MIE,100028,MIE
100030TEPUNG TERIGU SEGITIGA,100030,TEPUNG TERIGU SEGITIGA
100032KULIT PANGSIT (KULIT SIOMAY) - CP,100032,KULIT PANGSIT (KULIT SIOMAY) - CP
100037BASIC MIE,100037,BASIC MIE
100039BIANG AYAM CINCANG - CP,100039,BIANG AYAM CINCANG - CP
100040TAHU - CP,100040,TAHU - CP
100041AIR MINERAL BOTOL,100041,AIR MINERAL BOTOL
100042BUAH BELIMBING,100042,BUAH BELIMBING
100044BUAH PEER,100044,BUAH PEER
100045BUAH STRAWBERRY,100045,BUAH STRAWBERRY
100046CINCAU,100046,CINCAU
100047BUAH APEL,100047,BUAH APEL
100049JELLY BUBBLE,100049,JELLY BUBBLE
100050JELLY MIE,100050,JELLY MIE
100051LEMON TEA - NESTLE,100051,LEMON TEA - NESTLE
100052MILO,100052,MILO
100053NATA DE COCO,100053,NATA DE COCO
100054ORANGE - NESTLE,100054,ORANGE - NESTLE
100056SIRUP MOCCA,100056,SIRUP MOCCA
100058SUN QUICK LEMON,100058,SUN QUICK LEMON
100059TEA GOPEK,100059,TEA GOPEK
100060TEA NAGA,100060,TEA NAGA
100061TEA TARIK - NESTLE,100061,TEA TARIK - NESTLE
100062VANILLA LATTE - NESTLE,100062,VANILLA LATTE - NESTLE
100063JERUK NIPIS,100063,JERUK NIPIS
100064SUSU KENTAL MANIS,100064,SUSU KENTAL MANIS
100065SUSU ULTRA UHT FULL CREAM,100065,SUSU ULTRA UHT FULL CREAM
100068CREAMER,100068,CREAMER
100069BLACK THAI TEA,100069,BLACK THAI TEA
100070GREEN THAI TEA,100070,GREEN THAI TEA
100071SUSU EVAPORASI,100071,SUSU EVAPORASI
100074BIANG PANGSIT - CP,100074,BIANG PANGSIT - CP
100077BAWANG BOMBAY - CP,100077,BAWANG BOMBAY - CP
100084UDANG KUPAS - CP,100084,UDANG KUPAS - CP
100093AYAM PAHA FILLET - CP,100093,AYAM PAHA FILLET - CP
100094KULIT TAHU KECIL - CP,100094,KULIT TAHU KECIL - CP
100095KEJU,100095,KEJU
100096PLASTIK VACUM BESAR 23 X 34,100096,PLASTIK VACUM BESAR 23 X 34
100097PLASTIK VACUM SEDANG 20 X 30,100097,PLASTIK VACUM SEDANG 20 X 30
100100HD PLASTIK TICTAS 15X17 (DUREN 2),100100,HD PLASTIK TICTAS 15X17 (DUREN 2)
100102HD PLASTIK TICTAS 15X30X50 (DUREN 3),100102,HD PLASTIK TICTAS 15X30X50 (DUREN 3)
100103ADONAN PANGSIT,100103,ADONAN PANGSIT
100108BAWANG GORENG,100108,BAWANG GORENG
100109MINYAK MIE,100109,MINYAK MIE
100116JAMUR HITAM (SHITAKE) KERING 3KG,100116,JAMUR HITAM (SHITAKE) KERING 3KG
100117POWDER ES COKLAT - NESTLE,100117,POWDER ES COKLAT - NESTLE
100119KECAP SAWI POUCH,100119,KECAP SAWI POUCH
100120KESET BIHUN GULUNG (POTONGAN),100120,KESET BIHUN GULUNG (POTONGAN)
100121SURAI NAGA (v.20),100121,SURAI NAGA (v.20)
100122KRUPUK MIE (v.20),100122,KRUPUK MIE (v.20)
100124CABE RAWIT - RESTO,100124,CABE RAWIT - RESTO
100129TELUR - RESTO,100129,TELUR - RESTO
100130DAUN BAWANG/BRAMBANG - RESTO,100130,DAUN BAWANG/BRAMBANG - RESTO
100132TEPUNG TELUR,100132,TEPUNG TELUR
100133MINYAK GORENG - CP (v.20),100133,MINYAK GORENG - CP (v.20)
100134DIPPING FINNA SACHET,100134,DIPPING FINNA SACHET
100135POTASSIUM SORBAT - CP,100135,POTASSIUM SORBAT - CP
100138BIANG DIMSUM BASAH - CP v.20,100138,BIANG DIMSUM BASAH - CP v.20
100139BIANG DIMSUM KERING - CP v.20,100139,BIANG DIMSUM KERING - CP v.20
100143MINYAK GORENG - RESTO (v.20),100143,MINYAK GORENG - RESTO (v.20)
100144PAPER PLATE MIE,100144,PAPER PLATE MIE
100151PAPER PLATE DIMSUM,100151,PAPER PLATE DIMSUM
100152GARAM - RESTO,100152,GARAM - RESTO
100154TEPUNG DIMSUM - CP v.30,100154,TEPUNG DIMSUM - CP v.30
100155IPAL - NEW CP,100155,IPAL - NEW CP
100157LEMON TEA - AW,100157,LEMON TEA - AW
100158ORANGE - AW,100158,ORANGE - AW
100159VANILLA LATTE - AW,100159,VANILLA LATTE - AW
100160COKLAT - AW,100160,COKLAT - AW
100161TEA TARIK - AW,100161,TEA TARIK - AW
100162SIRUP ROSE (V.20),100162,SIRUP ROSE (V.20)
100163SIRUP LECHY (V.20),100163,SIRUP LECHY (V.20)
100164TOPPING DAUN KERING MIE - RESTO,100164,TOPPING DAUN KERING MIE - RESTO
100165TEXTURED VEGETABLE PROTEINS,100165,TEXTURED VEGETABLE PROTEINS
100166SUSU KENTAL MANIS POUCH,100166,SUSU KENTAL MANIS POUCH
100167UDANG THAWING,100167,UDANG THAWING
100168NIPIS MADU,100168,NIPIS MADU
200004DITEKTOR UANG PALSU,200004,DITEKTOR UANG PALSU
200011KURSI KANTOR,200011,KURSI KANTOR
200021MEJA KANTOR,200021,MEJA KANTOR
200032RAK KONTAINER KECIL,200032,RAK KONTAINER KECIL
200033RAK SEPATU KARYAWAN,200033,RAK SEPATU KARYAWAN
200036TANGKI BOILER,200036,TANGKI BOILER
200040BALON WHISK,200040,BALON WHISK
200041BOTOL DIPPING BESAR,200041,BOTOL DIPPING BESAR
200042BOTOL KECAP KECIL,200042,BOTOL KECAP KECIL
200043BOTOL SPRAY,200043,BOTOL SPRAY
200044CAPIT SNACK ( BESAR ),200044,CAPIT SNACK ( BESAR )
200047CETING TRADISI ( BESAR ),200047,CETING TRADISI ( BESAR )
200048CETING TRADISI ( KECIL ),200048,CETING TRADISI ( KECIL )
200052DANDANG ACIN UK 60,200052,DANDANG ACIN UK 60
200053DISPENSER,200053,DISPENSER
200056EROS MELAMINE UK BESAR,200056,EROS MELAMINE UK BESAR
200062EROS STAINLESS UK 30 CC,200062,EROS STAINLESS UK 30 CC
200065EROS STAINLESS UK BESAR,200065,EROS STAINLESS UK BESAR
200067FOOD PAN KECIL,200067,FOOD PAN KECIL
200068GARPU ADUKAN MIE,200068,GARPU ADUKAN MIE
200070GARPU MAKAN,200070,GARPU MAKAN
200071GAS BURNER ( LONG SHUN ),200071,GAS BURNER ( LONG SHUN )
200078GELAS KARYAWAN,200078,GELAS KARYAWAN
200081GELAS MINUMAN HANGAT,200081,GELAS MINUMAN HANGAT
200083GELAS TEA,200083,GELAS TEA
200084GELAS UKUR,200084,GELAS UKUR
200085GELAS UKUR 130 ML,200085,GELAS UKUR 130 ML
200086GOLOK,200086,GOLOK
200089JIGGER UK 20/30,200089,JIGGER UK 20/30
200090JIGGER UK 20/40,200090,JIGGER UK 20/40
200091JIGGER UK 30/40,200091,JIGGER UK 30/40
200092KLAKAT DIMSUM,200092,KLAKAT DIMSUM
200101NAMPAN KARET BULAT,200101,NAMPAN KARET BULAT
200102NAMPAN KAYU KOTAK,200102,NAMPAN KAYU KOTAK
200105PANCI DANDANG DIMSUM UK 36,200105,PANCI DANDANG DIMSUM UK 36
200106PANCI ENDAPAN MINYAK UK 40,200106,PANCI ENDAPAN MINYAK UK 40
200108PANCI MIE,200108,PANCI MIE
200111PANCI ORCHID UK 28,200111,PANCI ORCHID UK 28
200113PANCI ORCHID UK 32 CM,200113,PANCI ORCHID UK 32 CM
200114PANCI ORCHID UK 36,200114,PANCI ORCHID UK 36
200122PEMUKUL DAGING,200122,PEMUKUL DAGING
200127PIRING HAWAI BLACK,200127,PIRING HAWAI BLACK
200130PIRING PLASTIK,200130,PIRING PLASTIK
200132PISAU BUAH BESAR,200132,PISAU BUAH BESAR
200133PISAU BUAH KECIL,200133,PISAU BUAH KECIL
200139PRAXIS KEEPER UK 900ML,200139,PRAXIS KEEPER UK 900ML
200142SARINGAN MIE,200142,SARINGAN MIE
200143SARINGAN MINYAK,200143,SARINGAN MINYAK
200145SARINGAN TEH GACOAN,200145,SARINGAN TEH GACOAN
200149SENDOK ES STAINLESS,200149,SENDOK ES STAINLESS
200150SENDOK MAKAN STAINLESS,200150,SENDOK MAKAN STAINLESS
200152SENDOK TAKAR 12 GRM,200152,SENDOK TAKAR 12 GRM
200153SENDOK TAKAR PLASTIK,200153,SENDOK TAKAR PLASTIK
200154SENDOK TAKAR STAINLESS,200154,SENDOK TAKAR STAINLESS
200155SEROK ACIN,200155,SEROK ACIN
200156SEROK BESAR,200156,SEROK BESAR
200157SEROK BESAR KAWAT,200157,SEROK BESAR KAWAT
200158SEROK ICE,200158,SEROK ICE
200161SHAKER 750,200161,SHAKER 750
200165SPATULA MIE IBLIS ( SODET COKLAT ),200165,SPATULA MIE IBLIS ( SODET COKLAT )
200166SPATULA STAINLESS,200166,SPATULA STAINLESS
200167STIK DRUM,200167,STIK DRUM
200168SUTIL,200168,SUTIL
200170TALENAN PLASTIK,200170,TALENAN PLASTIK
200172TEFLON SEALER,200172,TEFLON SEALER
200173TEKO BESAR ( BIANG TEH ),200173,TEKO BESAR ( BIANG TEH )
200176TERMOS AIR,200176,TERMOS AIR
200180TIMBANGAN 5 KG,200180,TIMBANGAN 5 KG
200182TIMER DIGITAL,200182,TIMER DIGITAL
200184TOPLES UK 18 LTR,200184,TOPLES UK 18 LTR
200185TOPLES UK 4 LTR,200185,TOPLES UK 4 LTR
200187TOPLES UK 9 LTR,200187,TOPLES UK 9 LTR
200191WAJAN BESI UK 50',200191,WAJAN BESI UK 50'
200192WAJAN BESI UK 70',200192,WAJAN BESI UK 70'
200193WAJAN RAKSASA UK 80',200193,WAJAN RAKSASA UK 80'
200194WAJAN TEFLON CEKUNG,200194,WAJAN TEFLON CEKUNG
200196CUP 12,200196,CUP 12
200197CUP 14,200197,CUP 14
200198CUP 16,200198,CUP 16
200199CUP SEALER BESAR,200199,CUP SEALER BESAR
200200KERTAS BAKPAO 10.5 CM,200200,KERTAS BAKPAO 10.5 CM
200201KERTAS MINYAK,200201,KERTAS MINYAK
200204MIKA/CUP DIPPING,200204,MIKA/CUP DIPPING
200207PLASTIK WRAP,200207,PLASTIK WRAP
200208SEDOTAN BUBBLE,200208,SEDOTAN BUBBLE
200209SEDOTAN HITAM,200209,SEDOTAN HITAM
200210SENDOK PLASTIK,200210,SENDOK PLASTIK
200212STEROFOAM MIE,200212,STEROFOAM MIE
200213STEROFOAM DIMSUM,200213,STEROFOAM DIMSUM
200217CARBON BRUSH,200217,CARBON BRUSH
200218BALL VALVE 1'',200218,BALL VALVE 1''
200220BLACK BUTTON COVER F/ PIEZO IGNITER,200220,BLACK BUTTON COVER F/ PIEZO IGNITER
200222BURNER F/ FRY NGFT 4-60 GS 3655 (GRIDLE),200222,BURNER F/ FRY NGFT 4-60 GS 3655 (GRIDLE)
200237GAS KNOP DIA 8 MM W,200237,GAS KNOP DIA 8 MM W
200238GAS KNOP F/JP SERIES,200238,GAS KNOP F/JP SERIES
200241GAS VALVE HIGH PREASURE (CONTROL SE),200241,GAS VALVE HIGH PREASURE (CONTROL SE)
200242GAS VALVE HP DOUBLE TURBO,200242,GAS VALVE HP DOUBLE TURBO
200249MAGNET D 22 W/TREADED BOLT (SP),200249,MAGNET D 22 W/TREADED BOLT (SP)
200250MAGNIT 40 AUTO,200250,MAGNIT 40 AUTO
200256PIEZO IGNITER UK 18.MM,200256,PIEZO IGNITER UK 18.MM
200257PIEZO SPARK PLUG GS,200257,PIEZO SPARK PLUG GS
200258PIG TAIL,200258,PIG TAIL
200259PILOT 250 MM (KOMPOR HIGH PREASURE),200259,PILOT 250 MM (KOMPOR HIGH PREASURE)
200260PILOT BURNER ASSEMBLED GS,200260,PILOT BURNER ASSEMBLED GS
200261PILOT BURNER F/BUNSEN,200261,PILOT BURNER F/BUNSEN
200263PILOT SW 9000 (SP),200263,PILOT SW 9000 (SP)
200264PIN BLUE + SREW,200264,PIN BLUE + SREW
200266PISAU GILING DAGING,200266,PISAU GILING DAGING
200269RODA RAK DIMSUM,200269,RODA RAK DIMSUM
200270RODA TROLY,200270,RODA TROLY
200271SAFETY GAS COOK (GASVALVE GS3878)8325183,200271,SAFETY GAS COOK (GASVALVE GS3878)8325183
200275SARINGAN FRYER,200275,SARINGAN FRYER
200280ALAT PEL,200280,ALAT PEL
200284GAYUNG,200284,GAYUNG
200286HAND GLOVE KARET,200286,HAND GLOVE KARET
200287HAND GLOVE PLASTIK,200287,HAND GLOVE PLASTIK
200289HAND SOAP,200289,HAND SOAP
200291KAPI,200291,KAPI
200292KARBOL,200292,KARBOL
200293KARET,200293,KARET
200298KRESEK BESAR,200298,KRESEK BESAR
200299KRESEK JUMBO,200299,KRESEK JUMBO
200300KRESEK KECIL,200300,KRESEK KECIL
200301KRESEK SEDANG,200301,KRESEK SEDANG
200307NAPO CLEAN,200307,NAPO CLEAN
200308PAPAN AWAS LANTAI LICIN,200308,PAPAN AWAS LANTAI LICIN
200309PEL SKEP ( KARET ),200309,PEL SKEP ( KARET )
200311PEMBERSIH KACA MEJA,200311,PEMBERSIH KACA MEJA
200312PENGKI ( CIKRAK ),200312,PENGKI ( CIKRAK )
200313PLASTIK 1 KG,200313,PLASTIK 1 KG
200314PLASTIK 1/2 KG,200314,PLASTIK 1/2 KG
200317POLYBAG SAMPAH,200317,POLYBAG SAMPAH
200318SABUN CUCI PIRING,200318,SABUN CUCI PIRING
200319SABUN LANTAI,200319,SABUN LANTAI
200320SAPU IJUK,200320,SAPU IJUK
200321SAPU LIDI,200321,SAPU LIDI
200322SCALE OFF (PEMBERSIH TANGKI BOILER),200322,SCALE OFF (PEMBERSIH TANGKI BOILER)
200325SEAL PACK 3.5 LTR/3500 ML,200325,SEAL PACK 3.5 LTR/3500 ML
200326SEAL PACK POWDER,200326,SEAL PACK POWDER
200329SEAL PACK DIMSUM,200329,SEAL PACK DIMSUM
200332SPON CUCI PIRING,200332,SPON CUCI PIRING
200333TEMPAT SAMPAH 120 LTR,200333,TEMPAT SAMPAH 120 LTR
200334TEMPAT SAMPAH ABU-ABU 20 LTR,200334,TEMPAT SAMPAH ABU-ABU 20 LTR
200335TISSUE ROLL,200335,TISSUE ROLL
200336TISU KM,200336,TISU KM
200337TISU MEJA,200337,TISU MEJA
200338TOWEL,200338,TOWEL
200341ASBAK,200341,ASBAK
200345BASKOM KOTAK BESAR,200345,BASKOM KOTAK BESAR
200346BASKOM STAINLESS 12 CM,200346,BASKOM STAINLESS 12 CM
200347BASKOM STAINLESS 18 CM,200347,BASKOM STAINLESS 18 CM
200348BASKOM STAINLESS UK 14 CM,200348,BASKOM STAINLESS UK 14 CM
200350BASKOM STAINLESS UK 26 CM,200350,BASKOM STAINLESS UK 26 CM
200357CELEMEK HITAM ( KITCHEN ),200357,CELEMEK HITAM ( KITCHEN )
200361COOL BOX 55LTR,200361,COOL BOX 55LTR
200365EMBER,200365,EMBER
200366EMBER 6 GL,200366,EMBER 6 GL
200368EMBER MINYAK,200368,EMBER MINYAK
200375HARD COVER HIMBAUAN,200375,HARD COVER HIMBAUAN
200376HARD COVER MENU DIMSUM,200376,HARD COVER MENU DIMSUM
200377HAIRNET KAIN,200377,HAIRNET KAIN
200379LAKBAN KARTON KECIL,200379,LAKBAN KARTON KECIL
200381JERIGEN MINYAK 5LTR,200381,JERIGEN MINYAK 5LTR
200384KABEL ELEKTRODA,200384,KABEL ELEKTRODA
200392KERTAS THERMAL,200392,KERTAS THERMAL
200393KESET KOTAK KARET LUBANG,200393,KESET KOTAK KARET LUBANG
200395KONTAINER PERFORATED,200395,KONTAINER PERFORATED
200397KONTAINER SOLID,200397,KONTAINER SOLID
200400LADIES STICKER,200400,LADIES STICKER
200412LOGGER,200412,LOGGER
200417MOUSE LAPTOP / PC,200417,MOUSE LAPTOP / PC
200421NOMER MEJA,200421,NOMER MEJA
200426PAPAN TULIS,200426,PAPAN TULIS
200433REGULATOR,200433,REGULATOR
200435SELANG GAS,200435,SELANG GAS
200438STEMPEL,200438,STEMPEL
200442KABEL TIES,200442,KABEL TIES
200446TEMPAT SAMPAH BESAR UK 80 LTR,200446,TEMPAT SAMPAH BESAR UK 80 LTR
200447TEMPAT SAMPAH KECIL UK 10 LTR,200447,TEMPAT SAMPAH KECIL UK 10 LTR
200449TEMPAT TIMER,200449,TEMPAT TIMER
200450TERMOMETER,200450,TERMOMETER
200451THERMOCOUPLE,200451,THERMOCOUPLE
200484PRINTER THERMALL,200484,PRINTER THERMALL
200496CASH DRAWER,200496,CASH DRAWER
200504KIPAS ANGIN,200504,KIPAS ANGIN
200550PRINTER IW 800,200550,PRINTER IW 800
200562UPS KENIKA 600 VA,200562,UPS KENIKA 600 VA
200583BLENDER,200583,BLENDER
200584CASH BOX,200584,CASH BOX
200586HAND DRAYER,200586,HAND DRAYER
200588KOMPOR GAS 2 TUNGKU,200588,KOMPOR GAS 2 TUNGKU
200590MESIN CUP SEALER,200590,MESIN CUP SEALER
200592TIMBANGAN 100 KG,200592,TIMBANGAN 100 KG
200593TIMBANGAN DIGITAL FORTUNO 30 KG,200593,TIMBANGAN DIGITAL FORTUNO 30 KG
200594TOOL BOX,200594,TOOL BOX
200595TROLLI CLEAR UP,200595,TROLLI CLEAR UP
200596TROLLI LOADING,200596,TROLLI LOADING
200599DUST BIN KUNING 240 LTR (TEMPAT SAMPAH),200599,DUST BIN KUNING 240 LTR (TEMPAT SAMPAH)
200600MOB BUCKET (ALAT PEL SET),200600,MOB BUCKET (ALAT PEL SET)
200602ALAT PEMADAM KEBAKARAN ( APAR ),200602,ALAT PEMADAM KEBAKARAN ( APAR )
200603FILLING KABINET,200603,FILLING KABINET
200604LOCKER SET,200604,LOCKER SET
200605PEMBATAS ANTRIAN,200605,PEMBATAS ANTRIAN
200609TERMOGUN,200609,TERMOGUN
200615SERAGAM BARU UK XXL,200615,SERAGAM BARU UK XXL
200629SERAGAM SCM,200629,SERAGAM SCM
200633TOPI CREW LAKI - LAKI,200633,TOPI CREW LAKI - LAKI
200634MONITOR,200634,MONITOR
200635AKRILIC PRINTER,200635,AKRILIC PRINTER
200636BILL HOLDER,200636,BILL HOLDER
200641PALLET HIJAU (FROZEN),200641,PALLET HIJAU (FROZEN)
200642PALLET BIRU (DRY),200642,PALLET BIRU (DRY)
200658CHLORINE,200658,CHLORINE
200662LS 40 A-1 ( LONG SHUN ),200662,LS 40 A-1 ( LONG SHUN )
200664TINTA CODDING,200664,TINTA CODDING
200676REGULATOR LOW PRESSURE,200676,REGULATOR LOW PRESSURE
200684SERAGAM BARU UK ALL SIZE,200684,SERAGAM BARU UK ALL SIZE
200693MASTER CARTON (MC),200693,MASTER CARTON (MC)
200701LAKBAN KARTON BESAR,200701,LAKBAN KARTON BESAR
200706CUP SEALER BESAR,200706,CUP SEALER BESAR
200707SUMPIT (V.20),200707,SUMPIT (V.20)
200708HAND GLOVE KARET - CP,200708,HAND GLOVE KARET - CP
200709STICKER THERMAL,200709,STICKER THERMAL
200714APAR POWDER 3KG,200714,APAR POWDER 3KG
200715APAR TIPE K 6KG,200715,APAR TIPE K 6KG
200717PUMP DISPENSER,200717,PUMP DISPENSER
200718DIGITAL CALIPER,200718,DIGITAL CALIPER
200719TIMBANGAN DIGITAL KECIL,200719,TIMBANGAN DIGITAL KECIL
200720PEMATIK KOMPOR,200720,PEMATIK KOMPOR
200721STRAINER BOWL STAINLESS LUBANG BASKOM KECIL,200721,STRAINER BOWL STAINLESS LUBANG BASKOM KECIL
200722TEMPAT SENDOK FELICIA JUMBO,200722,TEMPAT SENDOK FELICIA JUMBO
200725CADDY BAG,200725,CADDY BAG
200726TEMPAT SAMPAH 80 L (TERTUTUP & INJAK),200726,TEMPAT SAMPAH 80 L (TERTUTUP & INJAK)
200727TEMPAT SAMPAH 80L (THAWING ADONAN),200727,TEMPAT SAMPAH 80L (THAWING ADONAN)
200728DUSTBIN STAINLESS BULAT,200728,DUSTBIN STAINLESS BULAT
200729BABY CHAIR,200729,BABY CHAIR
200730MUKENA,200730,MUKENA
200731SARUNG,200731,SARUNG
200732SAJADAH,200732,SAJADAH
200733RAK MUKENA,200733,RAK MUKENA
200734TANGGA 3 METER,200734,TANGGA 3 METER
200735STICK PENGGANTI LAMPU,200735,STICK PENGGANTI LAMPU
200736DISPENSER SABUN KRISBOW,200736,DISPENSER SABUN KRISBOW
200737RAK PENITIPAN BARANG CUSTOMER,200737,RAK PENITIPAN BARANG CUSTOMER
200738AMBRO FLATWARE BASKET,200738,AMBRO FLATWARE BASKET
200739NAMPAN KARET KOTAK (DIMSUM),200739,NAMPAN KARET KOTAK (DIMSUM)
200743APD (HAZMAT),200743,APD (HAZMAT)
200744APRON,200744,APRON
200745JAS LAB,200745,JAS LAB
200746MIKA/CUP DIPPING (V.20),200746,MIKA/CUP DIPPING (V.20)
410003PERALATAN RESTO - EXISTING STORE,410003,PERALATAN RESTO - EXISTING STORE
410004PLN - EXISTING STORE,410004,PLN - EXISTING STORE
410007SPARE PARTS IT COST - EXISTING STORE,410007,SPARE PARTS IT COST - EXISTING STORE
410008SPARE PARTS MESIN / PERALATAN - EXISTING STORE,410008,SPARE PARTS MESIN / PERALATAN - EXISTING STORE
410010MATERIAL BANGUNAN - EXISTING STORE,410010,MATERIAL BANGUNAN - EXISTING STORE
410011PERIZINAN - CP,410011,PERIZINAN - CP
410012PERIZINAN - HO,410012,PERIZINAN - HO
410013PERIZINAN - EXISTING STORE,410013,PERIZINAN - EXISTING STORE
410026BIAYA ONGKOS KIRIM - CP,410026,BIAYA ONGKOS KIRIM - CP
410027BIAYA ONGKOS KIRIM - DC,410027,BIAYA ONGKOS KIRIM - DC
410029BIAYA ONGKOS KIRIM - RESTO,410029,BIAYA ONGKOS KIRIM - RESTO
410030MATERIAL MESIN / PERALATAN - CP,410030,MATERIAL MESIN / PERALATAN - CP
410033SPARE PART MESIN / PERALATAN - DC,410033,SPARE PART MESIN / PERALATAN - DC
410034SPARE PART MESIN / PERALATAN - HO,410034,SPARE PART MESIN / PERALATAN - HO
410038OBAT / PENGOBATAN - HO,410038,OBAT / PENGOBATAN - HO
410039OBAT / PENGOBATAN - CP,410039,OBAT / PENGOBATAN - CP
410040OBAT / PENGOBATAN - DC,410040,OBAT / PENGOBATAN - DC
410041ATK - HO,410041,ATK - HO
410042ATK - CP,410042,ATK - CP
410043ATK - DC,410043,ATK - DC
410051BIAYA KEAMANAN - HO,410051,BIAYA KEAMANAN - HO
410057BIAYA INVENTARIS - CP,410057,BIAYA INVENTARIS - CP
410058BIAYA INVENTARIS - DC,410058,BIAYA INVENTARIS - DC
410059BIAYA INVENTARIS - HO,410059,BIAYA INVENTARIS - HO
410060BIAYA KEBERSIHAN - CP,410060,BIAYA KEBERSIHAN - CP
410061BIAYA KEBERSIHAN - DC,410061,BIAYA KEBERSIHAN - DC
410062BIAYA KEBERSIHAN - HO,410062,BIAYA KEBERSIHAN - HO
410063MATERIAL BANGUNAN - CP,410063,MATERIAL BANGUNAN - CP
410066BIAYA KEBERSIHAN - EXISTING STORE,410066,BIAYA KEBERSIHAN - EXISTING STORE
410068BIAYA KONSUMSI - HO,410068,BIAYA KONSUMSI - HO
410089BIAYA GAS CNG - CP,410089,BIAYA GAS CNG - CP
410093GALON - EXISTING STORE,410093,GALON - EXISTING STORE
410094BIAYA OPERASIONAL LEGAL - EXISTING STORE,410094,BIAYA OPERASIONAL LEGAL - EXISTING STORE
410096BIAYA INVENTARIS LAB - CP,410096,BIAYA INVENTARIS LAB - CP
410098SPARE PART KENDARAAN - CP,410098,SPARE PART KENDARAAN - CP
410099SPARE PART KENDARAAN - DC,410099,SPARE PART KENDARAAN - DC
410104GALON - CP,410104,GALON - CP
410105ES TUBE v.20 - EXISTING STORE,410105,ES TUBE v.20 - EXISTING STORE
410108JASA PEMELIHARAAN MESIN / PERALATAN - EXISTING STORE,410108,JASA PEMELIHARAAN MESIN / PERALATAN - EXISTING STORE
410111CUP - HO,410111,CUP - HO
410113BIAYA GAS CNG - EXISTING STORE,410113,BIAYA GAS CNG - EXISTING STORE
410116JASA INSTALASI MESIN / PERALATAN - EXISTING STORE,410116,JASA INSTALASI MESIN / PERALATAN - EXISTING STORE
410117JASA PEMBANGUNAN / RENOVASI - EXISTING STORE,410117,JASA PEMBANGUNAN / RENOVASI - EXISTING STORE
410118JASA LAND CLEARING OBSTACLE - EXISTING STORE,410118,JASA LAND CLEARING OBSTACLE - EXISTING STORE
410119JASA PEMELIHARAAN INVENTARIS - EXISTING STORE,410119,JASA PEMELIHARAAN INVENTARIS - EXISTING STORE
410120JASA INSTALASI MESIN / PERALATAN - CP,410120,JASA INSTALASI MESIN / PERALATAN - CP
410122JASA INSTALASI MESIN / PERALATAN - HO,410122,JASA INSTALASI MESIN / PERALATAN - HO
410124JASA PEMBANGUNAN / RENOVASI - CP,410124,JASA PEMBANGUNAN / RENOVASI - CP
410128JASA SERVIS KENDARAAN - DC,410128,JASA SERVIS KENDARAAN - DC
410129PEMBANGUNAN NEW CP,410129,PEMBANGUNAN NEW CP
410131BIAYA KONSUMSI - CP,410131,BIAYA KONSUMSI - CP
410135BIAYA PACKAGING - CP,410135,BIAYA PACKAGING - CP
410140BIAYA PENGEMBANGAN - CP,410140,BIAYA PENGEMBANGAN - CP
410141JASA LAINYA PRIBADI - RESTO,410141,JASA LAINYA PRIBADI - RESTO
410142BIAYA PPN,410142,BIAYA PPN
410143SEWA LAINNYA - RESTO,410143,SEWA LAINNYA - RESTO
410144ASET DALAM PENYELESAIAN - RESTO,410144,ASET DALAM PENYELESAIAN - RESTO
410145BIAYA INTERNET - RESTO,410145,BIAYA INTERNET - RESTO
410146BIAYA PERJALANAN DINAS PIHAK KETIGA - RESTO,410146,BIAYA PERJALANAN DINAS PIHAK KETIGA - RESTO
410148JASA LAINNYA BADAN - RESTO,410148,JASA LAINNYA BADAN - RESTO
410149BEBAN SEWA KENDARAAN - CP,410149,BEBAN SEWA KENDARAAN - CP
410150JASA LAINNYA PP23,410150,JASA LAINNYA PP23
410153JASA LAINNYA PRIBADI - HO,410153,JASA LAINNYA PRIBADI - HO
410154JASA LAINNYA BADAN - HO,410154,JASA LAINNYA BADAN - HO
410157JASA LAINNYA PRIBADI - DC,410157,JASA LAINNYA PRIBADI - DC
410158JASA LAINNYA BADAN - DC,410158,JASA LAINNYA BADAN - DC
410159JASA LAINNYA (ORANG PRIBADI) - CP,410159,JASA LAINNYA (ORANG PRIBADI) - CP
410160JASA LAINNYA (BADAN USAHA) - CP,410160,JASA LAINNYA (BADAN USAHA) - CP
410161BEBAN LISTRIK - RESTO,410161,BEBAN LISTRIK - RESTO
410166BEBAN INTERNET - CP,410166,BEBAN INTERNET - CP
410169Spare parts it cost - HO,410169,Spare parts it cost - HO
410170Spare parts it cost - CP,410170,Spare parts it cost - CP
410171Spare parts it cost - DC,410171,Spare parts it cost - DC
410172PDAM - RESTO,410172,PDAM - RESTO
410174ASET DALAM PENYELESAIAN - CP,410174,ASET DALAM PENYELESAIAN - CP
410176BEBAN TELEPON & PULSA - RESTO,410176,BEBAN TELEPON & PULSA - RESTO
410177JASA PEMELIHARAAN INVENTARIS - CP,410177,JASA PEMELIHARAAN INVENTARIS - CP
410179JASA PEMELIHARAAN INVENTARIS - DC,410179,JASA PEMELIHARAAN INVENTARIS - DC
410180BIAYA SERAGAM HO,410180,BIAYA SERAGAM HO
410183JERIGEN 5L,410183,JERIGEN 5L
410184TUTUP JERIGEN 5L,410184,TUTUP JERIGEN 5L
410188BEBAN AIR - RESTO,410188,BEBAN AIR - RESTO
410189SPARE PART LISTRIK - CP,410189,SPARE PART LISTRIK - CP
"910001AIR CONDITIONER - DAIKIN 1,5 PK",910001,"AIR CONDITIONER - DAIKIN 1,5 PK"
910001AIR CONDITIONER - DAIKIN 2 PK,910001,AIR CONDITIONER - DAIKIN 2 PK
"910001AIR CONDITIONER - DAIKIN FTV/RV-35CXV14 1,5PK MALAYSIA",910001,"AIR CONDITIONER - DAIKIN FTV/RV-35CXV14 1,5PK MALAYSIA"
910001AIR CONDITIONER - GREE 2 PK GWC-18MOO5,910001,AIR CONDITIONER - GREE 2 PK GWC-18MOO5
910001DVR CCTV - HILOOK 16 + 8 CHANEL 5IN1 5MP,910001,DVR CCTV - HILOOK 16 + 8 CHANEL 5IN1 5MP
910001DVR CCTV - HILOOK 8 CHANEL 5IN1 5MP,910001,DVR CCTV - HILOOK 8 CHANEL 5IN1 5MP
910001HANDPHONE (HP) - IPHONE 11 128GB,910001,HANDPHONE (HP) - IPHONE 11 128GB
910001HANDPHONE (HP) - REALME C67 8GB/128GB,910001,HANDPHONE (HP) - REALME C67 8GB/128GB
910001LAPTOP SET - ASUS VIVOBOOK PRO 15 M6500QC-OLEDS551,910001,LAPTOP SET - ASUS VIVOBOOK PRO 15 M6500QC-OLEDS551
910001LAPTOP SET - LENOVO IDEAPAD 3-14IAH8,910001,LAPTOP SET - LENOVO IDEAPAD 3-14IAH8
910001LAPTOP SET - LENOVO V14 G3 IAP,910001,LAPTOP SET - LENOVO V14 G3 IAP
910001PC SET - I3 GEN 10,910001,PC SET - I3 GEN 10
"910001POMPA AIR - SUBMERSIBLE YORK 1,5HP",910001,"POMPA AIR - SUBMERSIBLE YORK 1,5HP"
910001POMPA AIR-WASSER PC-380EA,910001,POMPA AIR-WASSER PC-380EA
910001PROYEKTOR - EPSON EB E500 LCD,910001,PROYEKTOR - EPSON EB E500 LCD
910001PYLONSIGN 2 SISI -  LOGO 24 JAM,910001,PYLONSIGN 2 SISI -  LOGO 24 JAM
910001RAK SOLID 4 TIERS (COLD STORAGE AREA),910001,RAK SOLID 4 TIERS (COLD STORAGE AREA)
910001RAK SOLID 4 TIERS (DRY STORAGE AREA),910001,RAK SOLID 4 TIERS (DRY STORAGE AREA)
910001SINGLE KWALIE RANGE,910001,SINGLE KWALIE RANGE
910001STOCK POT STOVE 2 BURNER,910001,STOCK POT STOVE 2 BURNER
910001STOCK POT STOVE 3 BURNER,910001,STOCK POT STOVE 3 BURNER
910001VORTEX MIXER - MINI VXMNAL,910001,VORTEX MIXER - MINI VXMNAL
"910001AC - GREE 1,5 PK",910001,"AC - GREE 1,5 PK"
910001AIR CONDITIONER - GREE 2PK GWC-18M005S/A,910001,AIR CONDITIONER - GREE 2PK GWC-18M005S/A
910001APTOP SET - LENOVO THINKPAD T460,910001,APTOP SET - LENOVO THINKPAD T460
910001AUDIO MEETING - BARETONE MAX 10HE PORTABLE,910001,AUDIO MEETING - BARETONE MAX 10HE PORTABLE
910001AUDIO OJOL,910001,AUDIO OJOL
910001AUDIO SET,910001,AUDIO SET
910001AUTOCLAVE - HIRAYAMA HVE50,910001,AUTOCLAVE - HIRAYAMA HVE50
910001AUTOMATIC CUP SEALER - AUTATA ATT 95S,910001,AUTOMATIC CUP SEALER - AUTATA ATT 95S
910001BIO SAFETY CABINET - ASPLAB BSC1300APS,910001,BIO SAFETY CABINET - ASPLAB BSC1300APS
910001BOR DUDUK - LEOPARD 16MM,910001,BOR DUDUK - LEOPARD 16MM
910001BOWL CUTTER - HEAVYPRO ZB200L,910001,BOWL CUTTER - HEAVYPRO ZB200L
910001BOWL CUTTER 200L MANUAL,910001,BOWL CUTTER 200L MANUAL
910001BRANKAS - SOLINGEN BERNSTEIN SIZE 2,910001,BRANKAS - SOLINGEN BERNSTEIN SIZE 2
910001BRANKAS KOTAK 1 PINTU - BERNSTEIN SIZE 2,910001,BRANKAS KOTAK 1 PINTU - BERNSTEIN SIZE 2
910001CCTV SET,910001,CCTV SET
910001CCTV SET - HILOOK INDOOR 4IN1 5MP,910001,CCTV SET - HILOOK INDOOR 4IN1 5MP
910001CHILLER SHOWCASE - MODENA SC1303,910001,CHILLER SHOWCASE - MODENA SC1303
910001CHILLER UNDERCOUNTER - ROYALSTAR BD/BC 438,910001,CHILLER UNDERCOUNTER - ROYALSTAR BD/BC 438
910001CHILLER UNDERCOUNTER - ROYALSTAR BD/BC-438,910001,CHILLER UNDERCOUNTER - ROYALSTAR BD/BC-438
910001CHILLER UNDERCOUNTER ROYALSTAR BD/BC-438,910001,CHILLER UNDERCOUNTER ROYALSTAR BD/BC-438
910001Chiller Undercounter Turboair,910001,Chiller Undercounter Turboair
910001Cold Drink Dispenser,910001,Cold Drink Dispenser
910001CONTINOUS SEALER - 770 I PLAT,910001,CONTINOUS SEALER - 770 I PLAT
910001CONVEYOR BELT - IQF,910001,CONVEYOR BELT - IQF
910001CONVEYOR ROLLER GRAVITY,910001,CONVEYOR ROLLER GRAVITY
910001COOLING TABLE - SS 304 1800x1600x830,910001,COOLING TABLE - SS 304 1800x1600x830
910001COOLING TABLE PERFORATED - SS 304 1800x800x830,910001,COOLING TABLE PERFORATED - SS 304 1800x800x830
910001CRATCHO BEVERAGE DISPENSER E 295-4 (MINI TWIN),910001,CRATCHO BEVERAGE DISPENSER E 295-4 (MINI TWIN)
910001CUP SEALER - AUTATA ATT-955,910001,CUP SEALER - AUTATA ATT-955
910001DEEP FRYER - NAYATI GFE/40 RSP,910001,DEEP FRYER - NAYATI GFE/40 RSP
910001DEEP FRYER - NAYATI NGF 30 EC,910001,DEEP FRYER - NAYATI NGF 30 EC
910001DEEP FRYER GFE/40,910001,DEEP FRYER GFE/40
910001DISPENSER KECAP - AUTATA  ATT9L,910001,DISPENSER KECAP - AUTATA  ATT9L
910001DOUBLE KWALIE RANGE,910001,DOUBLE KWALIE RANGE
910001DOUBLE KWALIE RANGE - SS 201 1600x1000x800/1200,910001,DOUBLE KWALIE RANGE - SS 201 1600x1000x800/1200
910001DUCTING SET EXHAUST,910001,DUCTING SET EXHAUST
910001DVR CCTV,910001,DVR CCTV
910001DVR CCTV - HIKVISION,910001,DVR CCTV - HIKVISION
910001DVR CCTV - HILOOK 16 CHANEL 5IN1 5MP,910001,DVR CCTV - HILOOK 16 CHANEL 5IN1 5MP
910001DVR CCTV - HILOOK 16CH,910001,DVR CCTV - HILOOK 16CH
910001DVR HIKVISION 16CH,910001,DVR HIKVISION 16CH
910001ELECTRIC TILTING BRATT PAN - METOS VIKING MIXPAN 250,910001,ELECTRIC TILTING BRATT PAN - METOS VIKING MIXPAN 250
910001FILTER AIR - NAZAVA PASIR SILIKA FRP 10,910001,FILTER AIR - NAZAVA PASIR SILIKA FRP 10
910001FORKLIFT BATTERY - HELI H4 SERIES - CPD25 A7LiH4S,910001,FORKLIFT BATTERY - HELI H4 SERIES - CPD25 A7LiH4S
910001FREEZER - MODENA MD-65W,910001,FREEZER - MODENA MD-65W
910001FREEZER MODENA MD-65W,910001,FREEZER MODENA MD-65W
"910001FTC/RC-35NV14 AC DAIKIN 1,5PK THAILAND",910001,"FTC/RC-35NV14 AC DAIKIN 1,5PK THAILAND"
910001FTC/RC-50XV14 AC DAIKIN 2PK THAILAND,910001,FTC/RC-50XV14 AC DAIKIN 2PK THAILAND
910001GENSET,910001,GENSET
910001GENSET - TCA-50US SILENT 50 KVA + PANEL,910001,GENSET - TCA-50US SILENT 50 KVA + PANEL
910001GENSET 50 KVA+PANEL+KNALPOT,910001,GENSET 50 KVA+PANEL+KNALPOT
910001GENSET SILENT 50 KVA + PANEL,910001,GENSET SILENT 50 KVA + PANEL
910001GERINDA DUDUK - MAKITA  GB602,910001,GERINDA DUDUK - MAKITA  GB602
910001GRIDDLE - NAYATI EGFT 6-60 W/STD ECONA GAS,910001,GRIDDLE - NAYATI EGFT 6-60 W/STD ECONA GAS
910001GRIDDLE EGFT 6-60 W/STD ECONA GAS,910001,GRIDDLE EGFT 6-60 W/STD ECONA GAS
910001HANDPALLET 3 TON,910001,HANDPALLET 3 TON
910001HANDPHONE (HP) - REALME C67 8/128GB,910001,HANDPHONE (HP) - REALME C67 8/128GB
910001HANDPHONE (HP) - XIAOMI REDMI NOTE 12 8/128GB,910001,HANDPHONE (HP) - XIAOMI REDMI NOTE 12 8/128GB
910001HIGH PRESSURE CLEANER - KARCHER K5 WCM,910001,HIGH PRESSURE CLEANER - KARCHER K5 WCM
910001HOLDING CABINET ELECTRIC - NAYATI NEHC-5,910001,HOLDING CABINET ELECTRIC - NAYATI NEHC-5
910001HOTPLATE - IKA CMAGHS7,910001,HOTPLATE - IKA CMAGHS7
910001ICE BIN,910001,ICE BIN
910001ICE BIN (KITCHEN AREA),910001,ICE BIN (KITCHEN AREA)
910001INCUBATOR - MEMMERT IN55,910001,INCUBATOR - MEMMERT IN55
910001JANITOR CABINET - KRISBOW 900X45X1850MM,910001,JANITOR CABINET - KRISBOW 900X45X1850MM
910001KOMPOR GAS 2 TUNGKU,910001,KOMPOR GAS 2 TUNGKU
910001KOMPOR GAS 3 TUNGKU,910001,KOMPOR GAS 3 TUNGKU
910001KOMPOR GAS HIGH PREASURE 1 BURNER,910001,KOMPOR GAS HIGH PREASURE 1 BURNER
910001KOMPOR GAS HIGH PREASURE 2 BURNER,910001,KOMPOR GAS HIGH PREASURE 2 BURNER
910001KOMPOR GAS HIGH PREASURE 2 BURNER (KITCHEN AREA),910001,KOMPOR GAS HIGH PREASURE 2 BURNER (KITCHEN AREA)
910001KOMPOR GAS HIGH PREASURE 2 BURNER KOMPOR GAS HIGH PREASURE 2 BURNER,910001,KOMPOR GAS HIGH PREASURE 2 BURNER KOMPOR GAS HIGH PREASURE 2 BURNER
910001KURI KAYU - OJOL,910001,KURI KAYU - OJOL
910001KURSI KAYU - OJOL,910001,KURSI KAYU - OJOL
910001KURSI KAYU - SAMBUNG,910001,KURSI KAYU - SAMBUNG
910001KURSI KAYU - SINGLE,910001,KURSI KAYU - SINGLE
910001KURSI KAYU SINGLE,910001,KURSI KAYU SINGLE
910001KURSI OJOL,910001,KURSI OJOL
910001KURSI SINGLE,910001,KURSI SINGLE
910001KURSI SOFA GALAR KAYU,910001,KURSI SOFA GALAR KAYU
910001KURSI TC,910001,KURSI TC
910001KURSI TC - SAPPORO HITAM,910001,KURSI TC - SAPPORO HITAM
910001LAP TOP SET - ASUS A416M,910001,LAP TOP SET - ASUS A416M
910001LAPTOP SET -  ASUS TUF GAMING I7 - FX506HF - I725B6T - C,910001,LAPTOP SET -  ASUS TUF GAMING I7 - FX506HF - I725B6T - C
910001LAPTOP SET - ASUS A416M,910001,LAPTOP SET - ASUS A416M
910001LAPTOP SET - ASUS TUF F15 GAMING FA506NC-R535B3T-O,910001,LAPTOP SET - ASUS TUF F15 GAMING FA506NC-R535B3T-O
910001LAPTOP SET - ASUS TUF GAMING I7 FX506HF-I725B6T-O,910001,LAPTOP SET - ASUS TUF GAMING I7 FX506HF-I725B6T-O
910001LAPTOP SET - ASUS TUF R5 GAMING FA506NC-R535B3T,910001,LAPTOP SET - ASUS TUF R5 GAMING FA506NC-R535B3T
910001LAPTOP SET - ASUS VIVOBOOK A416MAO-FHD425,910001,LAPTOP SET - ASUS VIVOBOOK A416MAO-FHD425
910001LAPTOP SET - ASUS VIVOBOOK A416MAO-FHD426,910001,LAPTOP SET - ASUS VIVOBOOK A416MAO-FHD426
910001LAPTOP SET - HP PAVILION AERO 13-BE2001AU,910001,LAPTOP SET - HP PAVILION AERO 13-BE2001AU
910001LAPTOP SET - LENOVO IDEAPAD - 14IAU7,910001,LAPTOP SET - LENOVO IDEAPAD - 14IAU7
910001LAPTOP SET - LENOVO IDEAPAD 3,910001,LAPTOP SET - LENOVO IDEAPAD 3
910001LAPTOP SET - LENOVO IDEAPAD 3-14IAU7,910001,LAPTOP SET - LENOVO IDEAPAD 3-14IAU7
910001LAPTOP SET - LENOVO THINKPAD L13YOGA,910001,LAPTOP SET - LENOVO THINKPAD L13YOGA
910001LAPTOP SET - LENOVO THINKPAD T460,910001,LAPTOP SET - LENOVO THINKPAD T460
910001LAPTOP SET - LENOVO THINKPAD X1 YOGA,910001,LAPTOP SET - LENOVO THINKPAD X1 YOGA
910001LAPTOP SET - LENOVO THINKPAD X270,910001,LAPTOP SET - LENOVO THINKPAD X270
910001LAPTOP SET - MACBOOK AIR 2020 PROCC M1,910001,LAPTOP SET - MACBOOK AIR 2020 PROCC M1
910001LAPTOP SET - MSI GAMING I5 GF63 THIN 12VF-243ID,910001,LAPTOP SET - MSI GAMING I5 GF63 THIN 12VF-243ID
910001LAPTOP SET -LENOVO THINKPAD T460,910001,LAPTOP SET -LENOVO THINKPAD T460
"910001LAS ARGON - LAKONI MAG,TIG 200A",910001,"LAS ARGON - LAKONI MAG,TIG 200A"
910001LEMARI BESI BERNSTEIN SIZE 2 - SOLINGEN,910001,LEMARI BESI BERNSTEIN SIZE 2 - SOLINGEN
910001LICENSE POS SOLIS RESTO,910001,LICENSE POS SOLIS RESTO
910001MEAT GRINDER - HEAVYPRO JR120,910001,MEAT GRINDER - HEAVYPRO JR120
910001MEAT GRINDER - MAKSINDO MHW 80,910001,MEAT GRINDER - MAKSINDO MHW 80
910001MEJA KAYU - 60 X 120 CM,910001,MEJA KAYU - 60 X 120 CM
910001MEJA KAYU - 60 X 80 CM,910001,MEJA KAYU - 60 X 80 CM
910001MEJA KAYU - 60X120 CM,910001,MEJA KAYU - 60X120 CM
910001MEJA KAYU - 60X80 CM,910001,MEJA KAYU - 60X80 CM
910001MEJA KAYU - TC 60 X 270 CM,910001,MEJA KAYU - TC 60 X 270 CM
910001MEJA KAYU UK 120x60,910001,MEJA KAYU UK 120x60
910001MEJA KAYU UK 60x120,910001,MEJA KAYU UK 60x120
910001MEJA KAYU UK 60x80,910001,MEJA KAYU UK 60x80
910001MEJA KAYU UK 80x60,910001,MEJA KAYU UK 80x60
910001MEJA TC,910001,MEJA TC
910001MESIN CETAK BAKSO - XUZHONG SZ605S,910001,MESIN CETAK BAKSO - XUZHONG SZ605S
910001MESIN SERUT WORTEL - SS 304,910001,MESIN SERUT WORTEL - SS 304
910001MESIN SIOMAY FX-800/150 HEAVYPRO,910001,MESIN SIOMAY FX-800/150 HEAVYPRO
910001METAL DETECTOR - SESOTECH GLS 300/100,910001,METAL DETECTOR - SESOTECH GLS 300/100
910001MICROPIPETTE - SOCOREX 825-1000,910001,MICROPIPETTE - SOCOREX 825-1000
910001Microwave Oven,910001,Microwave Oven
910001MIKROTIK CCR2004-16G-2S+,910001,MIKROTIK CCR2004-16G-2S+
910001MIXER PLANETARY - XUZHONG SZM60,910001,MIXER PLANETARY - XUZHONG SZM60
910001MOISTURE BALANCE - OHAUS MB95,910001,MOISTURE BALANCE - OHAUS MB95
910001MONITOR TOUCHSCREEN - LED LG 17BR30T,910001,MONITOR TOUCHSCREEN - LED LG 17BR30T
910001MONITOR TOUCHSCREEN - LED LG 17MB15,910001,MONITOR TOUCHSCREEN - LED LG 17MB15
910001MONITOR TOUCHSCREEN - LED LG 17MB15T,910001,MONITOR TOUCHSCREEN - LED LG 17MB15T
910001MONITOR TOUCHSCREEN - LG 17MB15,910001,MONITOR TOUCHSCREEN - LG 17MB15
910001MONITOR TOUCHSCREEN - LG 17MB15T,910001,MONITOR TOUCHSCREEN - LG 17MB15T
910001MONITOR TOUCHSREEN - LED LG 17MB15T,910001,MONITOR TOUCHSREEN - LED LG 17MB15T
910001MULTI GAS DETECTOR - ALTAIR 4XR,910001,MULTI GAS DETECTOR - ALTAIR 4XR
910001N COMPUNTING - L300,910001,N COMPUNTING - L300
910001NOODLE BOILER - NAYATI 6 HOLE EGN 16 ECONA GAS,910001,NOODLE BOILER - NAYATI 6 HOLE EGN 16 ECONA GAS
910001NOODLE BOILER EGN 16 ECONA GAS,910001,NOODLE BOILER EGN 16 ECONA GAS
910001OVEN - MEMMERT UN55,910001,OVEN - MEMMERT UN55
910001PC - NCOMPUTING L300,910001,PC - NCOMPUTING L300
910001PC ( KOMPUTER ) SET - I3 GEN 10,910001,PC ( KOMPUTER ) SET - I3 GEN 10
910001PC ( KOMPUTER ) SET - I5 GEN 12,910001,PC ( KOMPUTER ) SET - I5 GEN 12
910001PC STATION SERVER (KOMPUTER OFFICE) - CORE I5 12400,910001,PC STATION SERVER (KOMPUTER OFFICE) - CORE I5 12400
910001PERFORATED RACK 4 TIERS,910001,PERFORATED RACK 4 TIERS
910001PERFORATED RACK 6 TIERS,910001,PERFORATED RACK 6 TIERS
910001POMPA AIR -  ITALI TECH 3INCHI,910001,POMPA AIR -  ITALI TECH 3INCHI
910001POMPA AIR - SHIMIZU JET 400,910001,POMPA AIR - SHIMIZU JET 400
910001POMPA AIR - SHIMIZU JET 400 BIT,910001,POMPA AIR - SHIMIZU JET 400 BIT
910001POMPA AIR - VENEZI STP 100,910001,POMPA AIR - VENEZI STP 100
"910001POMPA AIR - WASSER PUMP 1,5 HP SD-P315K",910001,"POMPA AIR - WASSER PUMP 1,5 HP SD-P315K"
910001POMPA AIR - WASSER PUMP PC 380,910001,POMPA AIR - WASSER PUMP PC 380
910001POMPA AIR - WASSER PUMP PDV 400 EA,910001,POMPA AIR - WASSER PUMP PDV 400 EA
910001POMPA AIR - WASSER PUMP PW-381 EA,910001,POMPA AIR - WASSER PUMP PW-381 EA
910001POMPA AIR - WASSER PUMP SDP-315K,910001,POMPA AIR - WASSER PUMP SDP-315K
910001POMPA AIR - WASSERPUMP PC 500-EA,910001,POMPA AIR - WASSERPUMP PC 500-EA
910001POMPA AIR - WASSERPUMP PW-381 EA SEMI JET PUMP,910001,POMPA AIR - WASSERPUMP PW-381 EA SEMI JET PUMP
910001POMPA SHIMIZU JET 400 BIT,910001,POMPA SHIMIZU JET 400 BIT
910001POMPA SUBMERSIBLE -  ITALI TECH 3INCHI,910001,POMPA SUBMERSIBLE -  ITALI TECH 3INCHI
910001POWERLIFT PALLET STACKER - DYC 15,910001,POWERLIFT PALLET STACKER - DYC 15
910001PRINTER - BROTHER DCP-L25040 DW,910001,PRINTER - BROTHER DCP-L25040 DW
910001PRINTER - EPSON L3210,910001,PRINTER - EPSON L3210
910001PRINTER - EPSON LX310 DOT MATRIX,910001,PRINTER - EPSON LX310 DOT MATRIX
910001PRINTER - HP SMART TANK INK 615,910001,PRINTER - HP SMART TANK INK 615
910001PRINTER EPSON L3210,910001,PRINTER EPSON L3210
910001PRINTER OFFICE - HP SMART THANK 615,910001,PRINTER OFFICE - HP SMART THANK 615
910001PRINTER OFFICE - HP SMART THANK NK 615,910001,PRINTER OFFICE - HP SMART THANK NK 615
910001PYLONSIGN,910001,PYLONSIGN
910001PYLONSIGN - 2 SISI MIE GACOAN,910001,PYLONSIGN - 2 SISI MIE GACOAN
910001PYLONSIGN - LOGO 24 JAM,910001,PYLONSIGN - LOGO 24 JAM
910001PYLONSIGN 2 SISI,910001,PYLONSIGN 2 SISI
910001PYLONSIGN 2 SISI - MIE GACOAN,910001,PYLONSIGN 2 SISI - MIE GACOAN
910001RAK BUKU BESI,910001,RAK BUKU BESI
910001RAK DIMSUM - SS 201 600x600x1600,910001,RAK DIMSUM - SS 201 600x600x1600
910001RAK SUSUN PERFORATED 4 SUSUN,910001,RAK SUSUN PERFORATED 4 SUSUN
910001RAK SUSUN PERFORATED 4 SUSUN (BACK SINK AREA),910001,RAK SUSUN PERFORATED 4 SUSUN (BACK SINK AREA)
910001RAK SUSUN PERFORATED 6 SUSUN,910001,RAK SUSUN PERFORATED 6 SUSUN
910001RAK SUSUN PERFORATED 6 SUSUN (BACK SINK AREA),910001,RAK SUSUN PERFORATED 6 SUSUN (BACK SINK AREA)
910001RAK SUSUN SOLID,910001,RAK SUSUN SOLID
910001RAK SUSUN SOLID (COLD STORAGE AREA),910001,RAK SUSUN SOLID (COLD STORAGE AREA)
910001RAK SUSUN SOLID 4 SUSUN,910001,RAK SUSUN SOLID 4 SUSUN
910001SELECTIVE PALLET RACKING (3 TINGKAT),910001,SELECTIVE PALLET RACKING (3 TINGKAT)
910001SELECTIVE PALLET RACKING (4 TINGKAT),910001,SELECTIVE PALLET RACKING (4 TINGKAT)
910001SINGLE SINK,910001,SINGLE SINK
910001SINGLE SINK (KITCHEN AREA),910001,SINGLE SINK (KITCHEN AREA)
910001SMART SOFTWARE CLOUD,910001,SMART SOFTWARE CLOUD
910001SMART WEB REPORT CLOUD,910001,SMART WEB REPORT CLOUD
910001SOLID RACK 4 TIERS,910001,SOLID RACK 4 TIERS
910001SOLID RACK 4 TIERS - SS 201 1600x500x1550,910001,SOLID RACK 4 TIERS - SS 201 1600x500x1550
910001SOLID RACK 4 TIERS (COLD STORAGE AREA),910001,SOLID RACK 4 TIERS (COLD STORAGE AREA)
910001SOLID RACK 4 TIERS (DRY STORAGE AREA),910001,SOLID RACK 4 TIERS (DRY STORAGE AREA)
910001SPINNER MACHINE,910001,SPINNER MACHINE
910001STEAMER 4 HOLE - ECONA EEDS 4-60,910001,STEAMER 4 HOLE - ECONA EEDS 4-60
910001STORAGE BOX SPAREPART,910001,STORAGE BOX SPAREPART
910001TANGKI BOILER - CUSTOM EGN,910001,TANGKI BOILER - CUSTOM EGN
910001TANGKI BOILER - NAYATI EGN 4-75,910001,TANGKI BOILER - NAYATI EGN 4-75
910001TANGKI BOILER - NAYATI NGN 16 MR,910001,TANGKI BOILER - NAYATI NGN 16 MR
910001TANGKI BOILER EGN - CUSTOM,910001,TANGKI BOILER EGN - CUSTOM
910001TANGKI FRYER  - NAYATI SS430 F/GFE/40 RS,910001,TANGKI FRYER  - NAYATI SS430 F/GFE/40 RS
910001TIMBANGAN ANALYTIC - BIOBASE BA2204B,910001,TIMBANGAN ANALYTIC - BIOBASE BA2204B
910001TOOL CABINET -  KRISBOW 900X450X1800MM LPCBU1,910001,TOOL CABINET -  KRISBOW 900X450X1800MM LPCBU1
910001TRAVO LAS - RILON 400A 3PHASE,910001,TRAVO LAS - RILON 400A 3PHASE
910001TRIPLE SINK,910001,TRIPLE SINK
910001TRIPLE SINK (BACK SINK AREA),910001,TRIPLE SINK (BACK SINK AREA)
910001WASSER VORTEX PUMP PDV-400E 400W,910001,WASSER VORTEX PUMP PDV-400E 400W
910001WASSERPUMP PC 500-EA,910001,WASSERPUMP PC 500-EA
910001WASSERPUMP PW-381 EA,910001,WASSERPUMP PW-381 EA
910001WATER BATH - MEMMERT WTB15,910001,WATER BATH - MEMMERT WTB15
910001WATERTREATMENT,910001,WATERTREATMENT
910001WIRELESS CALLING SYSTEM SET - KOLMI,910001,WIRELESS CALLING SYSTEM SET - KOLMI
910001WORK TABLE,910001,WORK TABLE
910001WORK TABLE - SS 304 1800x800x830,910001,WORK TABLE - SS 304 1800x800x830
910001WORK TABLE (BACK SINK AREA),910001,WORK TABLE (BACK SINK AREA)
910001WORK TABLE (KITCHEN AREA),910001,WORK TABLE (KITCHEN AREA)
910001WORK TABLE (SERVICE AREA),910001,WORK TABLE (SERVICE AREA)
910001WORK TABLE DOUBLE UNDER SHELF (BACK SINK AREA),910001,WORK TABLE DOUBLE UNDER SHELF (BACK SINK AREA)
910001WORK TABLE DOUBLE UNDER SHELF (SERVICE AREA),910001,WORK TABLE DOUBLE UNDER SHELF (SERVICE AREA)
910001WORK TABLE GRAVITY ROLL,910001,WORK TABLE GRAVITY ROLL
910001WORK TABLE UK. 1200X700X850,910001,WORK TABLE UK. 1200X700X850
910001WORKTABLE,910001,WORKTABLE
910001WORKTABLE 150X70X85,910001,WORKTABLE 150X70X85
"910001WORKTABLE DOUBLE UNDERSHELF UK 1,8",910001,"WORKTABLE DOUBLE UNDERSHELF UK 1,8"
100001AYAM DADA FILLET - CP,100001,AYAM DADA FILLET - CP
100004BAWANG PUTIH - CP,100004,BAWANG PUTIH - CP
100006CABE RAWIT - CP,100006,CABE RAWIT - CP
100011GULA -RESTO,100011,GULA -RESTO
100016KULIT PANGSIT,100016,KULIT PANGSIT
100017LPG 12KG,100017,LPG 12KG
100025TEPUNG ROTI,100025,TEPUNG ROTI
100026WORTEL - CP,100026,WORTEL - CP
100028MIE,100028,MIE
100030TEPUNG TERIGU SEGITIGA,100030,TEPUNG TERIGU SEGITIGA
100032KULIT PANGSIT (KULIT SIOMAY) - CP,100032,KULIT PANGSIT (KULIT SIOMAY) - CP
100037BASIC MIE,100037,BASIC MIE
100039BIANG AYAM CINCANG - CP,100039,BIANG AYAM CINCANG - CP
100040TAHU - CP,100040,TAHU - CP
100041AIR MINERAL BOTOL,100041,AIR MINERAL BOTOL
100042BUAH BELIMBING,100042,BUAH BELIMBING
100044BUAH PEER,100044,BUAH PEER
100045BUAH STRAWBERRY,100045,BUAH STRAWBERRY
100046CINCAU,100046,CINCAU
100047BUAH APEL,100047,BUAH APEL
100049JELLY BUBBLE,100049,JELLY BUBBLE
100050JELLY MIE,100050,JELLY MIE
100051LEMON TEA - NESTLE,100051,LEMON TEA - NESTLE
100052MILO,100052,MILO
100053NATA DE COCO,100053,NATA DE COCO
100054ORANGE - NESTLE,100054,ORANGE - NESTLE
100056SIRUP MOCCA,100056,SIRUP MOCCA
100058SUN QUICK LEMON,100058,SUN QUICK LEMON
100059TEA GOPEK,100059,TEA GOPEK
100060TEA NAGA,100060,TEA NAGA
100061TEA TARIK - NESTLE,100061,TEA TARIK - NESTLE
100062VANILLA LATTE - NESTLE,100062,VANILLA LATTE - NESTLE
100063JERUK NIPIS,100063,JERUK NIPIS
100064SUSU KENTAL MANIS,100064,SUSU KENTAL MANIS
100065SUSU ULTRA UHT FULL CREAM,100065,SUSU ULTRA UHT FULL CREAM
100068CREAMER,100068,CREAMER
100069BLACK THAI TEA,100069,BLACK THAI TEA
100070GREEN THAI TEA,100070,GREEN THAI TEA
100071SUSU EVAPORASI,100071,SUSU EVAPORASI
100074BIANG PANGSIT - CP,100074,BIANG PANGSIT - CP
100077BAWANG BOMBAY - CP,100077,BAWANG BOMBAY - CP
100084UDANG KUPAS - CP,100084,UDANG KUPAS - CP
100093AYAM PAHA FILLET - CP,100093,AYAM PAHA FILLET - CP
100094KULIT TAHU KECIL - CP,100094,KULIT TAHU KECIL - CP
100095KEJU,100095,KEJU
100096PLASTIK VACUM BESAR 23 X 34,100096,PLASTIK VACUM BESAR 23 X 34
100097PLASTIK VACUM SEDANG 20 X 30,100097,PLASTIK VACUM SEDANG 20 X 30
100100HD PLASTIK TICTAS 15X17 (DUREN 2),100100,HD PLASTIK TICTAS 15X17 (DUREN 2)
100102HD PLASTIK TICTAS 15X30X50 (DUREN 3),100102,HD PLASTIK TICTAS 15X30X50 (DUREN 3)
100103ADONAN PANGSIT,100103,ADONAN PANGSIT
100108BAWANG GORENG,100108,BAWANG GORENG
100109MINYAK MIE,100109,MINYAK MIE
100116JAMUR HITAM (SHITAKE) KERING 3KG,100116,JAMUR HITAM (SHITAKE) KERING 3KG
100117POWDER ES COKLAT - NESTLE,100117,POWDER ES COKLAT - NESTLE
100119KECAP SAWI POUCH,100119,KECAP SAWI POUCH
100120KESET BIHUN GULUNG (POTONGAN),100120,KESET BIHUN GULUNG (POTONGAN)
100121SURAI NAGA (v.20),100121,SURAI NAGA (v.20)
100122KRUPUK MIE (v.20),100122,KRUPUK MIE (v.20)
100124CABE RAWIT - RESTO,100124,CABE RAWIT - RESTO
100129TELUR - RESTO,100129,TELUR - RESTO
100130DAUN BAWANG/BRAMBANG - RESTO,100130,DAUN BAWANG/BRAMBANG - RESTO
100132TEPUNG TELUR,100132,TEPUNG TELUR
100133MINYAK GORENG - CP (v.20),100133,MINYAK GORENG - CP (v.20)
100134DIPPING FINNA SACHET,100134,DIPPING FINNA SACHET
100135POTASSIUM SORBAT - CP,100135,POTASSIUM SORBAT - CP
100138BIANG DIMSUM BASAH - CP v.20,100138,BIANG DIMSUM BASAH - CP v.20
100139BIANG DIMSUM KERING - CP v.20,100139,BIANG DIMSUM KERING - CP v.20
100143MINYAK GORENG - RESTO (v.20),100143,MINYAK GORENG - RESTO (v.20)
100144PAPER PLATE MIE,100144,PAPER PLATE MIE
100151PAPER PLATE DIMSUM,100151,PAPER PLATE DIMSUM
100152GARAM - RESTO,100152,GARAM - RESTO
100154TEPUNG DIMSUM - CP v.30,100154,TEPUNG DIMSUM - CP v.30
100155IPAL - NEW CP,100155,IPAL - NEW CP
100157LEMON TEA - AW,100157,LEMON TEA - AW
100158ORANGE - AW,100158,ORANGE - AW
100159VANILLA LATTE - AW,100159,VANILLA LATTE - AW
100160COKLAT - AW,100160,COKLAT - AW
100161TEA TARIK - AW,100161,TEA TARIK - AW
100162SIRUP ROSE (V.20),100162,SIRUP ROSE (V.20)
100163SIRUP LECHY (V.20),100163,SIRUP LECHY (V.20)
100164TOPPING DAUN KERING MIE - RESTO,100164,TOPPING DAUN KERING MIE - RESTO
100165TEXTURED VEGETABLE PROTEINS,100165,TEXTURED VEGETABLE PROTEINS
100166SUSU KENTAL MANIS POUCH,100166,SUSU KENTAL MANIS POUCH
100167UDANG THAWING,100167,UDANG THAWING
100168NIPIS MADU,100168,NIPIS MADU
200004DITEKTOR UANG PALSU,200004,DITEKTOR UANG PALSU
200011KURSI KANTOR,200011,KURSI KANTOR
200021MEJA KANTOR,200021,MEJA KANTOR
200032RAK KONTAINER KECIL,200032,RAK KONTAINER KECIL
200033RAK SEPATU KARYAWAN,200033,RAK SEPATU KARYAWAN
200036TANGKI BOILER,200036,TANGKI BOILER
200040BALON WHISK,200040,BALON WHISK
200041BOTOL DIPPING BESAR,200041,BOTOL DIPPING BESAR
200042BOTOL KECAP KECIL,200042,BOTOL KECAP KECIL
200043BOTOL SPRAY,200043,BOTOL SPRAY
200044CAPIT SNACK ( BESAR ),200044,CAPIT SNACK ( BESAR )
200047CETING TRADISI ( BESAR ),200047,CETING TRADISI ( BESAR )
200048CETING TRADISI ( KECIL ),200048,CETING TRADISI ( KECIL )
200052DANDANG ACIN UK 60,200052,DANDANG ACIN UK 60
200053DISPENSER,200053,DISPENSER
200056EROS MELAMINE UK BESAR,200056,EROS MELAMINE UK BESAR
200062EROS STAINLESS UK 30 CC,200062,EROS STAINLESS UK 30 CC
200065EROS STAINLESS UK BESAR,200065,EROS STAINLESS UK BESAR
200067FOOD PAN KECIL,200067,FOOD PAN KECIL
200068GARPU ADUKAN MIE,200068,GARPU ADUKAN MIE
200070GARPU MAKAN,200070,GARPU MAKAN
200071GAS BURNER ( LONG SHUN ),200071,GAS BURNER ( LONG SHUN )
200078GELAS KARYAWAN,200078,GELAS KARYAWAN
200081GELAS MINUMAN HANGAT,200081,GELAS MINUMAN HANGAT
200083GELAS TEA,200083,GELAS TEA
200084GELAS UKUR,200084,GELAS UKUR
200085GELAS UKUR 130 ML,200085,GELAS UKUR 130 ML
200086GOLOK,200086,GOLOK
200089JIGGER UK 20/30,200089,JIGGER UK 20/30
200090JIGGER UK 20/40,200090,JIGGER UK 20/40
200091JIGGER UK 30/40,200091,JIGGER UK 30/40
200092KLAKAT DIMSUM,200092,KLAKAT DIMSUM
200101NAMPAN KARET BULAT,200101,NAMPAN KARET BULAT
200102NAMPAN KAYU KOTAK,200102,NAMPAN KAYU KOTAK
200105PANCI DANDANG DIMSUM UK 36,200105,PANCI DANDANG DIMSUM UK 36
200106PANCI ENDAPAN MINYAK UK 40,200106,PANCI ENDAPAN MINYAK UK 40
200108PANCI MIE,200108,PANCI MIE
200111PANCI ORCHID UK 28,200111,PANCI ORCHID UK 28
200113PANCI ORCHID UK 32 CM,200113,PANCI ORCHID UK 32 CM
200114PANCI ORCHID UK 36,200114,PANCI ORCHID UK 36
200122PEMUKUL DAGING,200122,PEMUKUL DAGING
200127PIRING HAWAI BLACK,200127,PIRING HAWAI BLACK
200130PIRING PLASTIK,200130,PIRING PLASTIK
200132PISAU BUAH BESAR,200132,PISAU BUAH BESAR
200133PISAU BUAH KECIL,200133,PISAU BUAH KECIL
200139PRAXIS KEEPER UK 900ML,200139,PRAXIS KEEPER UK 900ML
200142SARINGAN MIE,200142,SARINGAN MIE
200143SARINGAN MINYAK,200143,SARINGAN MINYAK
200145SARINGAN TEH GACOAN,200145,SARINGAN TEH GACOAN
200149SENDOK ES STAINLESS,200149,SENDOK ES STAINLESS
200150SENDOK MAKAN STAINLESS,200150,SENDOK MAKAN STAINLESS
200152SENDOK TAKAR 12 GRM,200152,SENDOK TAKAR 12 GRM
200153SENDOK TAKAR PLASTIK,200153,SENDOK TAKAR PLASTIK
200154SENDOK TAKAR STAINLESS,200154,SENDOK TAKAR STAINLESS
200155SEROK ACIN,200155,SEROK ACIN
200156SEROK BESAR,200156,SEROK BESAR
200157SEROK BESAR KAWAT,200157,SEROK BESAR KAWAT
200158SEROK ICE,200158,SEROK ICE
200161SHAKER 750,200161,SHAKER 750
200165SPATULA MIE IBLIS ( SODET COKLAT ),200165,SPATULA MIE IBLIS ( SODET COKLAT )
200166SPATULA STAINLESS,200166,SPATULA STAINLESS
200167STIK DRUM,200167,STIK DRUM
200168SUTIL,200168,SUTIL
200170TALENAN PLASTIK,200170,TALENAN PLASTIK
200172TEFLON SEALER,200172,TEFLON SEALER
200173TEKO BESAR ( BIANG TEH ),200173,TEKO BESAR ( BIANG TEH )
200176TERMOS AIR,200176,TERMOS AIR
200180TIMBANGAN 5 KG,200180,TIMBANGAN 5 KG
200182TIMER DIGITAL,200182,TIMER DIGITAL
200184TOPLES UK 18 LTR,200184,TOPLES UK 18 LTR
200185TOPLES UK 4 LTR,200185,TOPLES UK 4 LTR
200187TOPLES UK 9 LTR,200187,TOPLES UK 9 LTR
200191WAJAN BESI UK 50',200191,WAJAN BESI UK 50'
200192WAJAN BESI UK 70',200192,WAJAN BESI UK 70'
200193WAJAN RAKSASA UK 80',200193,WAJAN RAKSASA UK 80'
200194WAJAN TEFLON CEKUNG,200194,WAJAN TEFLON CEKUNG
200196CUP 12,200196,CUP 12
200197CUP 14,200197,CUP 14
200198CUP 16,200198,CUP 16
200199CUP SEALER BESAR,200199,CUP SEALER BESAR
200200KERTAS BAKPAO 10.5 CM,200200,KERTAS BAKPAO 10.5 CM
200201KERTAS MINYAK,200201,KERTAS MINYAK
200204MIKA/CUP DIPPING,200204,MIKA/CUP DIPPING
200207PLASTIK WRAP,200207,PLASTIK WRAP
200208SEDOTAN BUBBLE,200208,SEDOTAN BUBBLE
200209SEDOTAN HITAM,200209,SEDOTAN HITAM
200210SENDOK PLASTIK,200210,SENDOK PLASTIK
200212STEROFOAM MIE,200212,STEROFOAM MIE
200213STEROFOAM DIMSUM,200213,STEROFOAM DIMSUM
200217CARBON BRUSH,200217,CARBON BRUSH
200218BALL VALVE 1'',200218,BALL VALVE 1''
200220BLACK BUTTON COVER F/ PIEZO IGNITER,200220,BLACK BUTTON COVER F/ PIEZO IGNITER
200222BURNER F/ FRY NGFT 4-60 GS 3655 (GRIDLE),200222,BURNER F/ FRY NGFT 4-60 GS 3655 (GRIDLE)
200237GAS KNOP DIA 8 MM W,200237,GAS KNOP DIA 8 MM W
200238GAS KNOP F/JP SERIES,200238,GAS KNOP F/JP SERIES
200241GAS VALVE HIGH PREASURE (CONTROL SE),200241,GAS VALVE HIGH PREASURE (CONTROL SE)
200242GAS VALVE HP DOUBLE TURBO,200242,GAS VALVE HP DOUBLE TURBO
200249MAGNET D 22 W/TREADED BOLT (SP),200249,MAGNET D 22 W/TREADED BOLT (SP)
200250MAGNIT 40 AUTO,200250,MAGNIT 40 AUTO
200256PIEZO IGNITER UK 18.MM,200256,PIEZO IGNITER UK 18.MM
200257PIEZO SPARK PLUG GS,200257,PIEZO SPARK PLUG GS
200258PIG TAIL,200258,PIG TAIL
200259PILOT 250 MM (KOMPOR HIGH PREASURE),200259,PILOT 250 MM (KOMPOR HIGH PREASURE)
200260PILOT BURNER ASSEMBLED GS,200260,PILOT BURNER ASSEMBLED GS
200261PILOT BURNER F/BUNSEN,200261,PILOT BURNER F/BUNSEN
200263PILOT SW 9000 (SP),200263,PILOT SW 9000 (SP)
200264PIN BLUE + SREW,200264,PIN BLUE + SREW
200266PISAU GILING DAGING,200266,PISAU GILING DAGING
200269RODA RAK DIMSUM,200269,RODA RAK DIMSUM
200270RODA TROLY,200270,RODA TROLY
200271SAFETY GAS COOK (GASVALVE GS3878)8325183,200271,SAFETY GAS COOK (GASVALVE GS3878)8325183
200275SARINGAN FRYER,200275,SARINGAN FRYER
200280ALAT PEL,200280,ALAT PEL
200284GAYUNG,200284,GAYUNG
200286HAND GLOVE KARET,200286,HAND GLOVE KARET
200287HAND GLOVE PLASTIK,200287,HAND GLOVE PLASTIK
200289HAND SOAP,200289,HAND SOAP
200291KAPI,200291,KAPI
200292KARBOL,200292,KARBOL
200293KARET,200293,KARET
200298KRESEK BESAR,200298,KRESEK BESAR
200299KRESEK JUMBO,200299,KRESEK JUMBO
200300KRESEK KECIL,200300,KRESEK KECIL
200301KRESEK SEDANG,200301,KRESEK SEDANG
200307NAPO CLEAN,200307,NAPO CLEAN
200308PAPAN AWAS LANTAI LICIN,200308,PAPAN AWAS LANTAI LICIN
200309PEL SKEP ( KARET ),200309,PEL SKEP ( KARET )
200311PEMBERSIH KACA MEJA,200311,PEMBERSIH KACA MEJA
200312PENGKI ( CIKRAK ),200312,PENGKI ( CIKRAK )
200313PLASTIK 1 KG,200313,PLASTIK 1 KG
200314PLASTIK 1/2 KG,200314,PLASTIK 1/2 KG
200317POLYBAG SAMPAH,200317,POLYBAG SAMPAH
200318SABUN CUCI PIRING,200318,SABUN CUCI PIRING
200319SABUN LANTAI,200319,SABUN LANTAI
200320SAPU IJUK,200320,SAPU IJUK
200321SAPU LIDI,200321,SAPU LIDI
200322SCALE OFF (PEMBERSIH TANGKI BOILER),200322,SCALE OFF (PEMBERSIH TANGKI BOILER)
200325SEAL PACK 3.5 LTR/3500 ML,200325,SEAL PACK 3.5 LTR/3500 ML
200326SEAL PACK POWDER,200326,SEAL PACK POWDER
200329SEAL PACK DIMSUM,200329,SEAL PACK DIMSUM
200332SPON CUCI PIRING,200332,SPON CUCI PIRING
200333TEMPAT SAMPAH 120 LTR,200333,TEMPAT SAMPAH 120 LTR
200334TEMPAT SAMPAH ABU-ABU 20 LTR,200334,TEMPAT SAMPAH ABU-ABU 20 LTR
200335TISSUE ROLL,200335,TISSUE ROLL
200336TISU KM,200336,TISU KM
200337TISU MEJA,200337,TISU MEJA
200338TOWEL,200338,TOWEL
200341ASBAK,200341,ASBAK
200345BASKOM KOTAK BESAR,200345,BASKOM KOTAK BESAR
200346BASKOM STAINLESS 12 CM,200346,BASKOM STAINLESS 12 CM
200347BASKOM STAINLESS 18 CM,200347,BASKOM STAINLESS 18 CM
200348BASKOM STAINLESS UK 14 CM,200348,BASKOM STAINLESS UK 14 CM
200350BASKOM STAINLESS UK 26 CM,200350,BASKOM STAINLESS UK 26 CM
200357CELEMEK HITAM ( KITCHEN ),200357,CELEMEK HITAM ( KITCHEN )
200361COOL BOX 55LTR,200361,COOL BOX 55LTR
200365EMBER,200365,EMBER
200366EMBER 6 GL,200366,EMBER 6 GL
200368EMBER MINYAK,200368,EMBER MINYAK
200375HARD COVER HIMBAUAN,200375,HARD COVER HIMBAUAN
200376HARD COVER MENU DIMSUM,200376,HARD COVER MENU DIMSUM
200377HAIRNET KAIN,200377,HAIRNET KAIN
200379LAKBAN KARTON KECIL,200379,LAKBAN KARTON KECIL
200381JERIGEN MINYAK 5LTR,200381,JERIGEN MINYAK 5LTR
200384KABEL ELEKTRODA,200384,KABEL ELEKTRODA
200392KERTAS THERMAL,200392,KERTAS THERMAL
200393KESET KOTAK KARET LUBANG,200393,KESET KOTAK KARET LUBANG
200395KONTAINER PERFORATED,200395,KONTAINER PERFORATED
200397KONTAINER SOLID,200397,KONTAINER SOLID
200400LADIES STICKER,200400,LADIES STICKER
200412LOGGER,200412,LOGGER
200417MOUSE LAPTOP / PC,200417,MOUSE LAPTOP / PC
200421NOMER MEJA,200421,NOMER MEJA
200426PAPAN TULIS,200426,PAPAN TULIS
200433REGULATOR,200433,REGULATOR
200435SELANG GAS,200435,SELANG GAS
200438STEMPEL,200438,STEMPEL
200442KABEL TIES,200442,KABEL TIES
200446TEMPAT SAMPAH BESAR UK 80 LTR,200446,TEMPAT SAMPAH BESAR UK 80 LTR
200447TEMPAT SAMPAH KECIL UK 10 LTR,200447,TEMPAT SAMPAH KECIL UK 10 LTR
200449TEMPAT TIMER,200449,TEMPAT TIMER
200450TERMOMETER,200450,TERMOMETER
200451THERMOCOUPLE,200451,THERMOCOUPLE
200484PRINTER THERMALL,200484,PRINTER THERMALL
200496CASH DRAWER,200496,CASH DRAWER
200504KIPAS ANGIN,200504,KIPAS ANGIN
200550PRINTER IW 800,200550,PRINTER IW 800
200562UPS KENIKA 600 VA,200562,UPS KENIKA 600 VA
200583BLENDER,200583,BLENDER
200584CASH BOX,200584,CASH BOX
200586HAND DRAYER,200586,HAND DRAYER
200588KOMPOR GAS 2 TUNGKU,200588,KOMPOR GAS 2 TUNGKU
200590MESIN CUP SEALER,200590,MESIN CUP SEALER
200592TIMBANGAN 100 KG,200592,TIMBANGAN 100 KG
200593TIMBANGAN DIGITAL FORTUNO 30 KG,200593,TIMBANGAN DIGITAL FORTUNO 30 KG
200594TOOL BOX,200594,TOOL BOX
200595TROLLI CLEAR UP,200595,TROLLI CLEAR UP
200596TROLLI LOADING,200596,TROLLI LOADING
200599DUST BIN KUNING 240 LTR (TEMPAT SAMPAH),200599,DUST BIN KUNING 240 LTR (TEMPAT SAMPAH)
200600MOB BUCKET (ALAT PEL SET),200600,MOB BUCKET (ALAT PEL SET)
200602ALAT PEMADAM KEBAKARAN ( APAR ),200602,ALAT PEMADAM KEBAKARAN ( APAR )
200603FILLING KABINET,200603,FILLING KABINET
200604LOCKER SET,200604,LOCKER SET
200605PEMBATAS ANTRIAN,200605,PEMBATAS ANTRIAN
200609TERMOGUN,200609,TERMOGUN
200615SERAGAM BARU UK XXL,200615,SERAGAM BARU UK XXL
200629SERAGAM SCM,200629,SERAGAM SCM
200633TOPI CREW LAKI - LAKI,200633,TOPI CREW LAKI - LAKI
200634MONITOR,200634,MONITOR
200635AKRILIC PRINTER,200635,AKRILIC PRINTER
200636BILL HOLDER,200636,BILL HOLDER
200641PALLET HIJAU (FROZEN),200641,PALLET HIJAU (FROZEN)
200642PALLET BIRU (DRY),200642,PALLET BIRU (DRY)
200658CHLORINE,200658,CHLORINE
200662LS 40 A-1 ( LONG SHUN ),200662,LS 40 A-1 ( LONG SHUN )
200664TINTA CODDING,200664,TINTA CODDING
200676REGULATOR LOW PRESSURE,200676,REGULATOR LOW PRESSURE
200684SERAGAM BARU UK ALL SIZE,200684,SERAGAM BARU UK ALL SIZE
200693MASTER CARTON (MC),200693,MASTER CARTON (MC)
200701LAKBAN KARTON BESAR,200701,LAKBAN KARTON BESAR
200706CUP SEALER BESAR,200706,CUP SEALER BESAR
200707SUMPIT (V.20),200707,SUMPIT (V.20)
200708HAND GLOVE KARET - CP,200708,HAND GLOVE KARET - CP
200709STICKER THERMAL,200709,STICKER THERMAL
200714APAR POWDER 3KG,200714,APAR POWDER 3KG
200715APAR TIPE K 6KG,200715,APAR TIPE K 6KG
200717PUMP DISPENSER,200717,PUMP DISPENSER
200718DIGITAL CALIPER,200718,DIGITAL CALIPER
200719TIMBANGAN DIGITAL KECIL,200719,TIMBANGAN DIGITAL KECIL
200720PEMATIK KOMPOR,200720,PEMATIK KOMPOR
200721STRAINER BOWL STAINLESS LUBANG BASKOM KECIL,200721,STRAINER BOWL STAINLESS LUBANG BASKOM KECIL
200722TEMPAT SENDOK FELICIA JUMBO,200722,TEMPAT SENDOK FELICIA JUMBO
200725CADDY BAG,200725,CADDY BAG
200726TEMPAT SAMPAH 80 L (TERTUTUP & INJAK),200726,TEMPAT SAMPAH 80 L (TERTUTUP & INJAK)
200727TEMPAT SAMPAH 80L (THAWING ADONAN),200727,TEMPAT SAMPAH 80L (THAWING ADONAN)
200728DUSTBIN STAINLESS BULAT,200728,DUSTBIN STAINLESS BULAT
200729BABY CHAIR,200729,BABY CHAIR
200730MUKENA,200730,MUKENA
200731SARUNG,200731,SARUNG
200732SAJADAH,200732,SAJADAH
200733RAK MUKENA,200733,RAK MUKENA
200734TANGGA 3 METER,200734,TANGGA 3 METER
200735STICK PENGGANTI LAMPU,200735,STICK PENGGANTI LAMPU
200736DISPENSER SABUN KRISBOW,200736,DISPENSER SABUN KRISBOW
200737RAK PENITIPAN BARANG CUSTOMER,200737,RAK PENITIPAN BARANG CUSTOMER
200738AMBRO FLATWARE BASKET,200738,AMBRO FLATWARE BASKET
200739NAMPAN KARET KOTAK (DIMSUM),200739,NAMPAN KARET KOTAK (DIMSUM)
200743APD (HAZMAT),200743,APD (HAZMAT)
200744APRON,200744,APRON
200745JAS LAB,200745,JAS LAB
200746MIKA/CUP DIPPING (V.20),200746,MIKA/CUP DIPPING (V.20)
410003PERALATAN RESTO - EXISTING STORE,410003,PERALATAN RESTO - EXISTING STORE
410004PLN - EXISTING STORE,410004,PLN - EXISTING STORE
410007SPARE PARTS IT COST - EXISTING STORE,410007,SPARE PARTS IT COST - EXISTING STORE
410008SPARE PARTS MESIN / PERALATAN - EXISTING STORE,410008,SPARE PARTS MESIN / PERALATAN - EXISTING STORE
410010MATERIAL BANGUNAN - EXISTING STORE,410010,MATERIAL BANGUNAN - EXISTING STORE
410011PERIZINAN - CP,410011,PERIZINAN - CP
410012PERIZINAN - HO,410012,PERIZINAN - HO
410013PERIZINAN - EXISTING STORE,410013,PERIZINAN - EXISTING STORE
410026BIAYA ONGKOS KIRIM - CP,410026,BIAYA ONGKOS KIRIM - CP
410027BIAYA ONGKOS KIRIM - DC,410027,BIAYA ONGKOS KIRIM - DC
410029BIAYA ONGKOS KIRIM - RESTO,410029,BIAYA ONGKOS KIRIM - RESTO
410030MATERIAL MESIN / PERALATAN - CP,410030,MATERIAL MESIN / PERALATAN - CP
410033SPARE PART MESIN / PERALATAN - DC,410033,SPARE PART MESIN / PERALATAN - DC
410034SPARE PART MESIN / PERALATAN - HO,410034,SPARE PART MESIN / PERALATAN - HO
410038OBAT / PENGOBATAN - HO,410038,OBAT / PENGOBATAN - HO
410039OBAT / PENGOBATAN - CP,410039,OBAT / PENGOBATAN - CP
410040OBAT / PENGOBATAN - DC,410040,OBAT / PENGOBATAN - DC
410041ATK - HO,410041,ATK - HO
410042ATK - CP,410042,ATK - CP
410043ATK - DC,410043,ATK - DC
410051BIAYA KEAMANAN - HO,410051,BIAYA KEAMANAN - HO
410057BIAYA INVENTARIS - CP,410057,BIAYA INVENTARIS - CP
410058BIAYA INVENTARIS - DC,410058,BIAYA INVENTARIS - DC
410059BIAYA INVENTARIS - HO,410059,BIAYA INVENTARIS - HO
410060BIAYA KEBERSIHAN - CP,410060,BIAYA KEBERSIHAN - CP
410061BIAYA KEBERSIHAN - DC,410061,BIAYA KEBERSIHAN - DC
410062BIAYA KEBERSIHAN - HO,410062,BIAYA KEBERSIHAN - HO
410063MATERIAL BANGUNAN - CP,410063,MATERIAL BANGUNAN - CP
410066BIAYA KEBERSIHAN - EXISTING STORE,410066,BIAYA KEBERSIHAN - EXISTING STORE
410068BIAYA KONSUMSI - HO,410068,BIAYA KONSUMSI - HO
410089BIAYA GAS CNG - CP,410089,BIAYA GAS CNG - CP
410093GALON - EXISTING STORE,410093,GALON - EXISTING STORE
410094BIAYA OPERASIONAL LEGAL - EXISTING STORE,410094,BIAYA OPERASIONAL LEGAL - EXISTING STORE
410096BIAYA INVENTARIS LAB - CP,410096,BIAYA INVENTARIS LAB - CP
410098SPARE PART KENDARAAN - CP,410098,SPARE PART KENDARAAN - CP
410099SPARE PART KENDARAAN - DC,410099,SPARE PART KENDARAAN - DC
410104GALON - CP,410104,GALON - CP
410105ES TUBE v.20 - EXISTING STORE,410105,ES TUBE v.20 - EXISTING STORE
410108JASA PEMELIHARAAN MESIN / PERALATAN - EXISTING STORE,410108,JASA PEMELIHARAAN MESIN / PERALATAN - EXISTING STORE
410111CUP - HO,410111,CUP - HO
410113BIAYA GAS CNG - EXISTING STORE,410113,BIAYA GAS CNG - EXISTING STORE
410116JASA INSTALASI MESIN / PERALATAN - EXISTING STORE,410116,JASA INSTALASI MESIN / PERALATAN - EXISTING STORE
410117JASA PEMBANGUNAN / RENOVASI - EXISTING STORE,410117,JASA PEMBANGUNAN / RENOVASI - EXISTING STORE
410118JASA LAND CLEARING OBSTACLE - EXISTING STORE,410118,JASA LAND CLEARING OBSTACLE - EXISTING STORE
410119JASA PEMELIHARAAN INVENTARIS - EXISTING STORE,410119,JASA PEMELIHARAAN INVENTARIS - EXISTING STORE
410120JASA INSTALASI MESIN / PERALATAN - CP,410120,JASA INSTALASI MESIN / PERALATAN - CP
410122JASA INSTALASI MESIN / PERALATAN - HO,410122,JASA INSTALASI MESIN / PERALATAN - HO
410124JASA PEMBANGUNAN / RENOVASI - CP,410124,JASA PEMBANGUNAN / RENOVASI - CP
410128JASA SERVIS KENDARAAN - DC,410128,JASA SERVIS KENDARAAN - DC
410129PEMBANGUNAN NEW CP,410129,PEMBANGUNAN NEW CP
410131BIAYA KONSUMSI - CP,410131,BIAYA KONSUMSI - CP
410135BIAYA PACKAGING - CP,410135,BIAYA PACKAGING - CP
410140BIAYA PENGEMBANGAN - CP,410140,BIAYA PENGEMBANGAN - CP
410141JASA LAINYA PRIBADI - RESTO,410141,JASA LAINYA PRIBADI - RESTO
410142BIAYA PPN,410142,BIAYA PPN
410143SEWA LAINNYA - RESTO,410143,SEWA LAINNYA - RESTO
410144ASET DALAM PENYELESAIAN - RESTO,410144,ASET DALAM PENYELESAIAN - RESTO
410145BIAYA INTERNET - RESTO,410145,BIAYA INTERNET - RESTO
410146BIAYA PERJALANAN DINAS PIHAK KETIGA - RESTO,410146,BIAYA PERJALANAN DINAS PIHAK KETIGA - RESTO
410148JASA LAINNYA BADAN - RESTO,410148,JASA LAINNYA BADAN - RESTO
410149BEBAN SEWA KENDARAAN - CP,410149,BEBAN SEWA KENDARAAN - CP
410150JASA LAINNYA PP23,410150,JASA LAINNYA PP23
410153JASA LAINNYA PRIBADI - HO,410153,JASA LAINNYA PRIBADI - HO
410154JASA LAINNYA BADAN - HO,410154,JASA LAINNYA BADAN - HO
410157JASA LAINNYA PRIBADI - DC,410157,JASA LAINNYA PRIBADI - DC
410158JASA LAINNYA BADAN - DC,410158,JASA LAINNYA BADAN - DC
410159JASA LAINNYA (ORANG PRIBADI) - CP,410159,JASA LAINNYA (ORANG PRIBADI) - CP
410160JASA LAINNYA (BADAN USAHA) - CP,410160,JASA LAINNYA (BADAN USAHA) - CP
410161BEBAN LISTRIK - RESTO,410161,BEBAN LISTRIK - RESTO
410166BEBAN INTERNET - CP,410166,BEBAN INTERNET - CP
410169Spare parts it cost - HO,410169,Spare parts it cost - HO
410170Spare parts it cost - CP,410170,Spare parts it cost - CP
410171Spare parts it cost - DC,410171,Spare parts it cost - DC
410172PDAM - RESTO,410172,PDAM - RESTO
410174ASET DALAM PENYELESAIAN - CP,410174,ASET DALAM PENYELESAIAN - CP
410176BEBAN TELEPON & PULSA - RESTO,410176,BEBAN TELEPON & PULSA - RESTO
410177JASA PEMELIHARAAN INVENTARIS - CP,410177,JASA PEMELIHARAAN INVENTARIS - CP
410179JASA PEMELIHARAAN INVENTARIS - DC,410179,JASA PEMELIHARAAN INVENTARIS - DC
410180BIAYA SERAGAM HO,410180,BIAYA SERAGAM HO
410183JERIGEN 5L,410183,JERIGEN 5L
410184TUTUP JERIGEN 5L,410184,TUTUP JERIGEN 5L
410188BEBAN AIR - RESTO,410188,BEBAN AIR - RESTO
410189SPARE PART LISTRIK - CP,410189,SPARE PART LISTRIK - CP
"910001AIR CONDITIONER - DAIKIN 1,5 PK",910001,"AIR CONDITIONER - DAIKIN 1,5 PK"
910001AIR CONDITIONER - DAIKIN 2 PK,910001,AIR CONDITIONER - DAIKIN 2 PK
"910001AIR CONDITIONER - DAIKIN FTV/RV-35CXV14 1,5PK MALAYSIA",910001,"AIR CONDITIONER - DAIKIN FTV/RV-35CXV14 1,5PK MALAYSIA"
910001AIR CONDITIONER - GREE 2 PK GWC-18MOO5,910001,AIR CONDITIONER - GREE 2 PK GWC-18MOO5
910001DVR CCTV - HILOOK 16 + 8 CHANEL 5IN1 5MP,910001,DVR CCTV - HILOOK 16 + 8 CHANEL 5IN1 5MP
910001DVR CCTV - HILOOK 8 CHANEL 5IN1 5MP,910001,DVR CCTV - HILOOK 8 CHANEL 5IN1 5MP
910001HANDPHONE (HP) - IPHONE 11 128GB,910001,HANDPHONE (HP) - IPHONE 11 128GB
910001HANDPHONE (HP) - REALME C67 8GB/128GB,910001,HANDPHONE (HP) - REALME C67 8GB/128GB
910001LAPTOP SET - ASUS VIVOBOOK PRO 15 M6500QC-OLEDS551,910001,LAPTOP SET - ASUS VIVOBOOK PRO 15 M6500QC-OLEDS551
910001LAPTOP SET - LENOVO IDEAPAD 3-14IAH8,910001,LAPTOP SET - LENOVO IDEAPAD 3-14IAH8
910001LAPTOP SET - LENOVO V14 G3 IAP,910001,LAPTOP SET - LENOVO V14 G3 IAP
910001PC SET - I3 GEN 10,910001,PC SET - I3 GEN 10
"910001POMPA AIR - SUBMERSIBLE YORK 1,5HP",910001,"POMPA AIR - SUBMERSIBLE YORK 1,5HP"
910001POMPA AIR-WASSER PC-380EA,910001,POMPA AIR-WASSER PC-380EA
910001PROYEKTOR - EPSON EB E500 LCD,910001,PROYEKTOR - EPSON EB E500 LCD
910001PYLONSIGN 2 SISI -  LOGO 24 JAM,910001,PYLONSIGN 2 SISI -  LOGO 24 JAM
910001RAK SOLID 4 TIERS (COLD STORAGE AREA),910001,RAK SOLID 4 TIERS (COLD STORAGE AREA)
910001RAK SOLID 4 TIERS (DRY STORAGE AREA),910001,RAK SOLID 4 TIERS (DRY STORAGE AREA)
910001SINGLE KWALIE RANGE,910001,SINGLE KWALIE RANGE
910001STOCK POT STOVE 2 BURNER,910001,STOCK POT STOVE 2 BURNER
910001STOCK POT STOVE 3 BURNER,910001,STOCK POT STOVE 3 BURNER
910001VORTEX MIXER - MINI VXMNAL,910001,VORTEX MIXER - MINI VXMNAL
"910001AC - GREE 1,5 PK",910001,"AC - GREE 1,5 PK"
910001AIR CONDITIONER - GREE 2PK GWC-18M005S/A,910001,AIR CONDITIONER - GREE 2PK GWC-18M005S/A
910001APTOP SET - LENOVO THINKPAD T460,910001,APTOP SET - LENOVO THINKPAD T460
910001AUDIO MEETING - BARETONE MAX 10HE PORTABLE,910001,AUDIO MEETING - BARETONE MAX 10HE PORTABLE
910001AUDIO OJOL,910001,AUDIO OJOL
910001AUDIO SET,910001,AUDIO SET
910001AUTOCLAVE - HIRAYAMA HVE50,910001,AUTOCLAVE - HIRAYAMA HVE50
910001AUTOMATIC CUP SEALER - AUTATA ATT 95S,910001,AUTOMATIC CUP SEALER - AUTATA ATT 95S
910001BIO SAFETY CABINET - ASPLAB BSC1300APS,910001,BIO SAFETY CABINET - ASPLAB BSC1300APS
910001BOR DUDUK - LEOPARD 16MM,910001,BOR DUDUK - LEOPARD 16MM
910001BOWL CUTTER - HEAVYPRO ZB200L,910001,BOWL CUTTER - HEAVYPRO ZB200L
910001BOWL CUTTER 200L MANUAL,910001,BOWL CUTTER 200L MANUAL
910001BRANKAS - SOLINGEN BERNSTEIN SIZE 2,910001,BRANKAS - SOLINGEN BERNSTEIN SIZE 2
910001BRANKAS KOTAK 1 PINTU - BERNSTEIN SIZE 2,910001,BRANKAS KOTAK 1 PINTU - BERNSTEIN SIZE 2
910001CCTV SET,910001,CCTV SET
910001CCTV SET - HILOOK INDOOR 4IN1 5MP,910001,CCTV SET - HILOOK INDOOR 4IN1 5MP
910001CHILLER SHOWCASE - MODENA SC1303,910001,CHILLER SHOWCASE - MODENA SC1303
910001CHILLER UNDERCOUNTER - ROYALSTAR BD/BC 438,910001,CHILLER UNDERCOUNTER - ROYALSTAR BD/BC 438
910001CHILLER UNDERCOUNTER - ROYALSTAR BD/BC-438,910001,CHILLER UNDERCOUNTER - ROYALSTAR BD/BC-438
910001CHILLER UNDERCOUNTER ROYALSTAR BD/BC-438,910001,CHILLER UNDERCOUNTER ROYALSTAR BD/BC-438
910001Chiller Undercounter Turboair,910001,Chiller Undercounter Turboair
910001Cold Drink Dispenser,910001,Cold Drink Dispenser
910001CONTINOUS SEALER - 770 I PLAT,910001,CONTINOUS SEALER - 770 I PLAT
910001CONVEYOR BELT - IQF,910001,CONVEYOR BELT - IQF
910001CONVEYOR ROLLER GRAVITY,910001,CONVEYOR ROLLER GRAVITY
910001COOLING TABLE - SS 304 1800x1600x830,910001,COOLING TABLE - SS 304 1800x1600x830
910001COOLING TABLE PERFORATED - SS 304 1800x800x830,910001,COOLING TABLE PERFORATED - SS 304 1800x800x830
910001CRATCHO BEVERAGE DISPENSER E 295-4 (MINI TWIN),910001,CRATCHO BEVERAGE DISPENSER E 295-4 (MINI TWIN)
910001CUP SEALER - AUTATA ATT-955,910001,CUP SEALER - AUTATA ATT-955
910001DEEP FRYER - NAYATI GFE/40 RSP,910001,DEEP FRYER - NAYATI GFE/40 RSP
910001DEEP FRYER - NAYATI NGF 30 EC,910001,DEEP FRYER - NAYATI NGF 30 EC
910001DEEP FRYER GFE/40,910001,DEEP FRYER GFE/40
910001DISPENSER KECAP - AUTATA  ATT9L,910001,DISPENSER KECAP - AUTATA  ATT9L
910001DOUBLE KWALIE RANGE,910001,DOUBLE KWALIE RANGE
910001DOUBLE KWALIE RANGE - SS 201 1600x1000x800/1200,910001,DOUBLE KWALIE RANGE - SS 201 1600x1000x800/1200
910001DUCTING SET EXHAUST,910001,DUCTING SET EXHAUST
910001DVR CCTV,910001,DVR CCTV
910001DVR CCTV - HIKVISION,910001,DVR CCTV - HIKVISION
910001DVR CCTV - HILOOK 16 CHANEL 5IN1 5MP,910001,DVR CCTV - HILOOK 16 CHANEL 5IN1 5MP
910001DVR CCTV - HILOOK 16CH,910001,DVR CCTV - HILOOK 16CH
910001DVR HIKVISION 16CH,910001,DVR HIKVISION 16CH
910001ELECTRIC TILTING BRATT PAN - METOS VIKING MIXPAN 250,910001,ELECTRIC TILTING BRATT PAN - METOS VIKING MIXPAN 250
910001FILTER AIR - NAZAVA PASIR SILIKA FRP 10,910001,FILTER AIR - NAZAVA PASIR SILIKA FRP 10
910001FORKLIFT BATTERY - HELI H4 SERIES - CPD25 A7LiH4S,910001,FORKLIFT BATTERY - HELI H4 SERIES - CPD25 A7LiH4S
910001FREEZER - MODENA MD-65W,910001,FREEZER - MODENA MD-65W
910001FREEZER MODENA MD-65W,910001,FREEZER MODENA MD-65W
"910001FTC/RC-35NV14 AC DAIKIN 1,5PK THAILAND",910001,"FTC/RC-35NV14 AC DAIKIN 1,5PK THAILAND"
910001FTC/RC-50XV14 AC DAIKIN 2PK THAILAND,910001,FTC/RC-50XV14 AC DAIKIN 2PK THAILAND
910001GENSET,910001,GENSET
910001GENSET - TCA-50US SILENT 50 KVA + PANEL,910001,GENSET - TCA-50US SILENT 50 KVA + PANEL
910001GENSET 50 KVA+PANEL+KNALPOT,910001,GENSET 50 KVA+PANEL+KNALPOT
910001GENSET SILENT 50 KVA + PANEL,910001,GENSET SILENT 50 KVA + PANEL
910001GERINDA DUDUK - MAKITA  GB602,910001,GERINDA DUDUK - MAKITA  GB602
910001GRIDDLE - NAYATI EGFT 6-60 W/STD ECONA GAS,910001,GRIDDLE - NAYATI EGFT 6-60 W/STD ECONA GAS
910001GRIDDLE EGFT 6-60 W/STD ECONA GAS,910001,GRIDDLE EGFT 6-60 W/STD ECONA GAS
910001HANDPALLET 3 TON,910001,HANDPALLET 3 TON
910001HANDPHONE (HP) - REALME C67 8/128GB,910001,HANDPHONE (HP) - REALME C67 8/128GB
910001HANDPHONE (HP) - XIAOMI REDMI NOTE 12 8/128GB,910001,HANDPHONE (HP) - XIAOMI REDMI NOTE 12 8/128GB
910001HIGH PRESSURE CLEANER - KARCHER K5 WCM,910001,HIGH PRESSURE CLEANER - KARCHER K5 WCM
910001HOLDING CABINET ELECTRIC - NAYATI NEHC-5,910001,HOLDING CABINET ELECTRIC - NAYATI NEHC-5
910001HOTPLATE - IKA CMAGHS7,910001,HOTPLATE - IKA CMAGHS7
910001ICE BIN,910001,ICE BIN
910001ICE BIN (KITCHEN AREA),910001,ICE BIN (KITCHEN AREA)
910001INCUBATOR - MEMMERT IN55,910001,INCUBATOR - MEMMERT IN55
910001JANITOR CABINET - KRISBOW 900X45X1850MM,910001,JANITOR CABINET - KRISBOW 900X45X1850MM
910001KOMPOR GAS 2 TUNGKU,910001,KOMPOR GAS 2 TUNGKU
910001KOMPOR GAS 3 TUNGKU,910001,KOMPOR GAS 3 TUNGKU
910001KOMPOR GAS HIGH PREASURE 1 BURNER,910001,KOMPOR GAS HIGH PREASURE 1 BURNER
910001KOMPOR GAS HIGH PREASURE 2 BURNER,910001,KOMPOR GAS HIGH PREASURE 2 BURNER
910001KOMPOR GAS HIGH PREASURE 2 BURNER (KITCHEN AREA),910001,KOMPOR GAS HIGH PREASURE 2 BURNER (KITCHEN AREA)
910001KOMPOR GAS HIGH PREASURE 2 BURNER KOMPOR GAS HIGH PREASURE 2 BURNER,910001,KOMPOR GAS HIGH PREASURE 2 BURNER KOMPOR GAS HIGH PREASURE 2 BURNER
910001KURI KAYU - OJOL,910001,KURI KAYU - OJOL
910001KURSI KAYU - OJOL,910001,KURSI KAYU - OJOL
910001KURSI KAYU - SAMBUNG,910001,KURSI KAYU - SAMBUNG
910001KURSI KAYU - SINGLE,910001,KURSI KAYU - SINGLE
910001KURSI KAYU SINGLE,910001,KURSI KAYU SINGLE
910001KURSI OJOL,910001,KURSI OJOL
910001KURSI SINGLE,910001,KURSI SINGLE
910001KURSI SOFA GALAR KAYU,910001,KURSI SOFA GALAR KAYU
910001KURSI TC,910001,KURSI TC
910001KURSI TC - SAPPORO HITAM,910001,KURSI TC - SAPPORO HITAM
910001LAP TOP SET - ASUS A416M,910001,LAP TOP SET - ASUS A416M
910001LAPTOP SET -  ASUS TUF GAMING I7 - FX506HF - I725B6T - C,910001,LAPTOP SET -  ASUS TUF GAMING I7 - FX506HF - I725B6T - C
910001LAPTOP SET - ASUS A416M,910001,LAPTOP SET - ASUS A416M
910001LAPTOP SET - ASUS TUF F15 GAMING FA506NC-R535B3T-O,910001,LAPTOP SET - ASUS TUF F15 GAMING FA506NC-R535B3T-O
910001LAPTOP SET - ASUS TUF GAMING I7 FX506HF-I725B6T-O,910001,LAPTOP SET - ASUS TUF GAMING I7 FX506HF-I725B6T-O
910001LAPTOP SET - ASUS TUF R5 GAMING FA506NC-R535B3T,910001,LAPTOP SET - ASUS TUF R5 GAMING FA506NC-R535B3T
910001LAPTOP SET - ASUS VIVOBOOK A416MAO-FHD425,910001,LAPTOP SET - ASUS VIVOBOOK A416MAO-FHD425
910001LAPTOP SET - ASUS VIVOBOOK A416MAO-FHD426,910001,LAPTOP SET - ASUS VIVOBOOK A416MAO-FHD426
910001LAPTOP SET - HP PAVILION AERO 13-BE2001AU,910001,LAPTOP SET - HP PAVILION AERO 13-BE2001AU
910001LAPTOP SET - LENOVO IDEAPAD - 14IAU7,910001,LAPTOP SET - LENOVO IDEAPAD - 14IAU7
910001LAPTOP SET - LENOVO IDEAPAD 3,910001,LAPTOP SET - LENOVO IDEAPAD 3
910001LAPTOP SET - LENOVO IDEAPAD 3-14IAU7,910001,LAPTOP SET - LENOVO IDEAPAD 3-14IAU7
910001LAPTOP SET - LENOVO THINKPAD L13YOGA,910001,LAPTOP SET - LENOVO THINKPAD L13YOGA
910001LAPTOP SET - LENOVO THINKPAD T460,910001,LAPTOP SET - LENOVO THINKPAD T460
910001LAPTOP SET - LENOVO THINKPAD X1 YOGA,910001,LAPTOP SET - LENOVO THINKPAD X1 YOGA
910001LAPTOP SET - LENOVO THINKPAD X270,910001,LAPTOP SET - LENOVO THINKPAD X270
910001LAPTOP SET - MACBOOK AIR 2020 PROCC M1,910001,LAPTOP SET - MACBOOK AIR 2020 PROCC M1
910001LAPTOP SET - MSI GAMING I5 GF63 THIN 12VF-243ID,910001,LAPTOP SET - MSI GAMING I5 GF63 THIN 12VF-243ID
910001LAPTOP SET -LENOVO THINKPAD T460,910001,LAPTOP SET -LENOVO THINKPAD T460
"910001LAS ARGON - LAKONI MAG,TIG 200A",910001,"LAS ARGON - LAKONI MAG,TIG 200A"
910001LEMARI BESI BERNSTEIN SIZE 2 - SOLINGEN,910001,LEMARI BESI BERNSTEIN SIZE 2 - SOLINGEN
910001LICENSE POS SOLIS RESTO,910001,LICENSE POS SOLIS RESTO
910001MEAT GRINDER - HEAVYPRO JR120,910001,MEAT GRINDER - HEAVYPRO JR120
910001MEAT GRINDER - MAKSINDO MHW 80,910001,MEAT GRINDER - MAKSINDO MHW 80
910001MEJA KAYU - 60 X 120 CM,910001,MEJA KAYU - 60 X 120 CM
910001MEJA KAYU - 60 X 80 CM,910001,MEJA KAYU - 60 X 80 CM
910001MEJA KAYU - 60X120 CM,910001,MEJA KAYU - 60X120 CM
910001MEJA KAYU - 60X80 CM,910001,MEJA KAYU - 60X80 CM
910001MEJA KAYU - TC 60 X 270 CM,910001,MEJA KAYU - TC 60 X 270 CM
910001MEJA KAYU UK 120x60,910001,MEJA KAYU UK 120x60
910001MEJA KAYU UK 60x120,910001,MEJA KAYU UK 60x120
910001MEJA KAYU UK 60x80,910001,MEJA KAYU UK 60x80
910001MEJA KAYU UK 80x60,910001,MEJA KAYU UK 80x60
910001MEJA TC,910001,MEJA TC
910001MESIN CETAK BAKSO - XUZHONG SZ605S,910001,MESIN CETAK BAKSO - XUZHONG SZ605S
910001MESIN SERUT WORTEL - SS 304,910001,MESIN SERUT WORTEL - SS 304
910001MESIN SIOMAY FX-800/150 HEAVYPRO,910001,MESIN SIOMAY FX-800/150 HEAVYPRO
910001METAL DETECTOR - SESOTECH GLS 300/100,910001,METAL DETECTOR - SESOTECH GLS 300/100
910001MICROPIPETTE - SOCOREX 825-1000,910001,MICROPIPETTE - SOCOREX 825-1000
910001Microwave Oven,910001,Microwave Oven
910001MIKROTIK CCR2004-16G-2S+,910001,MIKROTIK CCR2004-16G-2S+
910001MIXER PLANETARY - XUZHONG SZM60,910001,MIXER PLANETARY - XUZHONG SZM60
910001MOISTURE BALANCE - OHAUS MB95,910001,MOISTURE BALANCE - OHAUS MB95
910001MONITOR TOUCHSCREEN - LED LG 17BR30T,910001,MONITOR TOUCHSCREEN - LED LG 17BR30T
910001MONITOR TOUCHSCREEN - LED LG 17MB15,910001,MONITOR TOUCHSCREEN - LED LG 17MB15
910001MONITOR TOUCHSCREEN - LED LG 17MB15T,910001,MONITOR TOUCHSCREEN - LED LG 17MB15T
910001MONITOR TOUCHSCREEN - LG 17MB15,910001,MONITOR TOUCHSCREEN - LG 17MB15
910001MONITOR TOUCHSCREEN - LG 17MB15T,910001,MONITOR TOUCHSCREEN - LG 17MB15T
910001MONITOR TOUCHSREEN - LED LG 17MB15T,910001,MONITOR TOUCHSREEN - LED LG 17MB15T
910001MULTI GAS DETECTOR - ALTAIR 4XR,910001,MULTI GAS DETECTOR - ALTAIR 4XR
910001N COMPUNTING - L300,910001,N COMPUNTING - L300
910001NOODLE BOILER - NAYATI 6 HOLE EGN 16 ECONA GAS,910001,NOODLE BOILER - NAYATI 6 HOLE EGN 16 ECONA GAS
910001NOODLE BOILER EGN 16 ECONA GAS,910001,NOODLE BOILER EGN 16 ECONA GAS
910001OVEN - MEMMERT UN55,910001,OVEN - MEMMERT UN55
910001PC - NCOMPUTING L300,910001,PC - NCOMPUTING L300
910001PC ( KOMPUTER ) SET - I3 GEN 10,910001,PC ( KOMPUTER ) SET - I3 GEN 10
910001PC ( KOMPUTER ) SET - I5 GEN 12,910001,PC ( KOMPUTER ) SET - I5 GEN 12
910001PC STATION SERVER (KOMPUTER OFFICE) - CORE I5 12400,910001,PC STATION SERVER (KOMPUTER OFFICE) - CORE I5 12400
910001PERFORATED RACK 4 TIERS,910001,PERFORATED RACK 4 TIERS
910001PERFORATED RACK 6 TIERS,910001,PERFORATED RACK 6 TIERS
910001POMPA AIR -  ITALI TECH 3INCHI,910001,POMPA AIR -  ITALI TECH 3INCHI
910001POMPA AIR - SHIMIZU JET 400,910001,POMPA AIR - SHIMIZU JET 400
910001POMPA AIR - SHIMIZU JET 400 BIT,910001,POMPA AIR - SHIMIZU JET 400 BIT
910001POMPA AIR - VENEZI STP 100,910001,POMPA AIR - VENEZI STP 100
"910001POMPA AIR - WASSER PUMP 1,5 HP SD-P315K",910001,"POMPA AIR - WASSER PUMP 1,5 HP SD-P315K"
910001POMPA AIR - WASSER PUMP PC 380,910001,POMPA AIR - WASSER PUMP PC 380
910001POMPA AIR - WASSER PUMP PDV 400 EA,910001,POMPA AIR - WASSER PUMP PDV 400 EA
910001POMPA AIR - WASSER PUMP PW-381 EA,910001,POMPA AIR - WASSER PUMP PW-381 EA
910001POMPA AIR - WASSER PUMP SDP-315K,910001,POMPA AIR - WASSER PUMP SDP-315K
910001POMPA AIR - WASSERPUMP PC 500-EA,910001,POMPA AIR - WASSERPUMP PC 500-EA
910001POMPA AIR - WASSERPUMP PW-381 EA SEMI JET PUMP,910001,POMPA AIR - WASSERPUMP PW-381 EA SEMI JET PUMP
910001POMPA SHIMIZU JET 400 BIT,910001,POMPA SHIMIZU JET 400 BIT
910001POMPA SUBMERSIBLE -  ITALI TECH 3INCHI,910001,POMPA SUBMERSIBLE -  ITALI TECH 3INCHI
910001POWERLIFT PALLET STACKER - DYC 15,910001,POWERLIFT PALLET STACKER - DYC 15
910001PRINTER - BROTHER DCP-L25040 DW,910001,PRINTER - BROTHER DCP-L25040 DW
910001PRINTER - EPSON L3210,910001,PRINTER - EPSON L3210
910001PRINTER - EPSON LX310 DOT MATRIX,910001,PRINTER - EPSON LX310 DOT MATRIX
910001PRINTER - HP SMART TANK INK 615,910001,PRINTER - HP SMART TANK INK 615
910001PRINTER EPSON L3210,910001,PRINTER EPSON L3210
910001PRINTER OFFICE - HP SMART THANK 615,910001,PRINTER OFFICE - HP SMART THANK 615
910001PRINTER OFFICE - HP SMART THANK NK 615,910001,PRINTER OFFICE - HP SMART THANK NK 615
910001PYLONSIGN,910001,PYLONSIGN
910001PYLONSIGN - 2 SISI MIE GACOAN,910001,PYLONSIGN - 2 SISI MIE GACOAN
910001PYLONSIGN - LOGO 24 JAM,910001,PYLONSIGN - LOGO 24 JAM
910001PYLONSIGN 2 SISI,910001,PYLONSIGN 2 SISI
910001PYLONSIGN 2 SISI - MIE GACOAN,910001,PYLONSIGN 2 SISI - MIE GACOAN
910001RAK BUKU BESI,910001,RAK BUKU BESI
910001RAK DIMSUM - SS 201 600x600x1600,910001,RAK DIMSUM - SS 201 600x600x1600
910001RAK SUSUN PERFORATED 4 SUSUN,910001,RAK SUSUN PERFORATED 4 SUSUN
910001RAK SUSUN PERFORATED 4 SUSUN (BACK SINK AREA),910001,RAK SUSUN PERFORATED 4 SUSUN (BACK SINK AREA)
910001RAK SUSUN PERFORATED 6 SUSUN,910001,RAK SUSUN PERFORATED 6 SUSUN
910001RAK SUSUN PERFORATED 6 SUSUN (BACK SINK AREA),910001,RAK SUSUN PERFORATED 6 SUSUN (BACK SINK AREA)
910001RAK SUSUN SOLID,910001,RAK SUSUN SOLID
910001RAK SUSUN SOLID (COLD STORAGE AREA),910001,RAK SUSUN SOLID (COLD STORAGE AREA)
910001RAK SUSUN SOLID 4 SUSUN,910001,RAK SUSUN SOLID 4 SUSUN
910001SELECTIVE PALLET RACKING (3 TINGKAT),910001,SELECTIVE PALLET RACKING (3 TINGKAT)
910001SELECTIVE PALLET RACKING (4 TINGKAT),910001,SELECTIVE PALLET RACKING (4 TINGKAT)
910001SINGLE SINK,910001,SINGLE SINK
910001SINGLE SINK (KITCHEN AREA),910001,SINGLE SINK (KITCHEN AREA)
910001SMART SOFTWARE CLOUD,910001,SMART SOFTWARE CLOUD
910001SMART WEB REPORT CLOUD,910001,SMART WEB REPORT CLOUD
910001SOLID RACK 4 TIERS,910001,SOLID RACK 4 TIERS
910001SOLID RACK 4 TIERS - SS 201 1600x500x1550,910001,SOLID RACK 4 TIERS - SS 201 1600x500x1550
910001SOLID RACK 4 TIERS (COLD STORAGE AREA),910001,SOLID RACK 4 TIERS (COLD STORAGE AREA)
910001SOLID RACK 4 TIERS (DRY STORAGE AREA),910001,SOLID RACK 4 TIERS (DRY STORAGE AREA)
910001SPINNER MACHINE,910001,SPINNER MACHINE
910001STEAMER 4 HOLE - ECONA EEDS 4-60,910001,STEAMER 4 HOLE - ECONA EEDS 4-60
910001STORAGE BOX SPAREPART,910001,STORAGE BOX SPAREPART
910001TANGKI BOILER - CUSTOM EGN,910001,TANGKI BOILER - CUSTOM EGN
910001TANGKI BOILER - NAYATI EGN 4-75,910001,TANGKI BOILER - NAYATI EGN 4-75
910001TANGKI BOILER - NAYATI NGN 16 MR,910001,TANGKI BOILER - NAYATI NGN 16 MR
910001TANGKI BOILER EGN - CUSTOM,910001,TANGKI BOILER EGN - CUSTOM
910001TANGKI FRYER  - NAYATI SS430 F/GFE/40 RS,910001,TANGKI FRYER  - NAYATI SS430 F/GFE/40 RS
910001TIMBANGAN ANALYTIC - BIOBASE BA2204B,910001,TIMBANGAN ANALYTIC - BIOBASE BA2204B
910001TOOL CABINET -  KRISBOW 900X450X1800MM LPCBU1,910001,TOOL CABINET -  KRISBOW 900X450X1800MM LPCBU1
910001TRAVO LAS - RILON 400A 3PHASE,910001,TRAVO LAS - RILON 400A 3PHASE
910001TRIPLE SINK,910001,TRIPLE SINK
910001TRIPLE SINK (BACK SINK AREA),910001,TRIPLE SINK (BACK SINK AREA)
910001WASSER VORTEX PUMP PDV-400E 400W,910001,WASSER VORTEX PUMP PDV-400E 400W
910001WASSERPUMP PC 500-EA,910001,WASSERPUMP PC 500-EA
910001WASSERPUMP PW-381 EA,910001,WASSERPUMP PW-381 EA
910001WATER BATH - MEMMERT WTB15,910001,WATER BATH - MEMMERT WTB15
910001WATERTREATMENT,910001,WATERTREATMENT
910001WIRELESS CALLING SYSTEM SET - KOLMI,910001,WIRELESS CALLING SYSTEM SET - KOLMI
910001WORK TABLE,910001,WORK TABLE
910001WORK TABLE - SS 304 1800x800x830,910001,WORK TABLE - SS 304 1800x800x830
910001WORK TABLE (BACK SINK AREA),910001,WORK TABLE (BACK SINK AREA)
910001WORK TABLE (KITCHEN AREA),910001,WORK TABLE (KITCHEN AREA)
910001WORK TABLE (SERVICE AREA),910001,WORK TABLE (SERVICE AREA)
910001WORK TABLE DOUBLE UNDER SHELF (BACK SINK AREA),910001,WORK TABLE DOUBLE UNDER SHELF (BACK SINK AREA)
910001WORK TABLE DOUBLE UNDER SHELF (SERVICE AREA),910001,WORK TABLE DOUBLE UNDER SHELF (SERVICE AREA)
910001WORK TABLE GRAVITY ROLL,910001,WORK TABLE GRAVITY ROLL
910001WORK TABLE UK. 1200X700X850,910001,WORK TABLE UK. 1200X700X850
910001WORKTABLE,910001,WORKTABLE
910001WORKTABLE 150X70X85,910001,WORKTABLE 150X70X85
"910001WORKTABLE DOUBLE UNDERSHELF UK 1,8",910001,"WORKTABLE DOUBLE UNDERSHELF UK 1,8"
100001AYAM DADA FILLET - CP,100001,AYAM DADA FILLET - CP
100004BAWANG PUTIH - CP,100004,BAWANG PUTIH - CP
100006CABE RAWIT - CP,100006,CABE RAWIT - CP
100011GULA -RESTO,100011,GULA -RESTO
100016KULIT PANGSIT,100016,KULIT PANGSIT
100017LPG 12KG,100017,LPG 12KG
100025TEPUNG ROTI,100025,TEPUNG ROTI
100026WORTEL - CP,100026,WORTEL - CP
100028MIE,100028,MIE
100030TEPUNG TERIGU SEGITIGA,100030,TEPUNG TERIGU SEGITIGA
100032KULIT PANGSIT (KULIT SIOMAY) - CP,100032,KULIT PANGSIT (KULIT SIOMAY) - CP
100037BASIC MIE,100037,BASIC MIE
100039BIANG AYAM CINCANG - CP,100039,BIANG AYAM CINCANG - CP
100040TAHU - CP,100040,TAHU - CP
100041AIR MINERAL BOTOL,100041,AIR MINERAL BOTOL
100042BUAH BELIMBING,100042,BUAH BELIMBING
100044BUAH PEER,100044,BUAH PEER
100045BUAH STRAWBERRY,100045,BUAH STRAWBERRY
100046CINCAU,100046,CINCAU
100047BUAH APEL,100047,BUAH APEL
100049JELLY BUBBLE,100049,JELLY BUBBLE
100050JELLY MIE,100050,JELLY MIE
100051LEMON TEA - NESTLE,100051,LEMON TEA - NESTLE
100052MILO,100052,MILO
100053NATA DE COCO,100053,NATA DE COCO
100054ORANGE - NESTLE,100054,ORANGE - NESTLE
100056SIRUP MOCCA,100056,SIRUP MOCCA
100058SUN QUICK LEMON,100058,SUN QUICK LEMON
100059TEA GOPEK,100059,TEA GOPEK
100060TEA NAGA,100060,TEA NAGA
100061TEA TARIK - NESTLE,100061,TEA TARIK - NESTLE
100062VANILLA LATTE - NESTLE,100062,VANILLA LATTE - NESTLE
100063JERUK NIPIS,100063,JERUK NIPIS
100064SUSU KENTAL MANIS,100064,SUSU KENTAL MANIS
100065SUSU ULTRA UHT FULL CREAM,100065,SUSU ULTRA UHT FULL CREAM
100068CREAMER,100068,CREAMER
100069BLACK THAI TEA,100069,BLACK THAI TEA
100070GREEN THAI TEA,100070,GREEN THAI TEA
100071SUSU EVAPORASI,100071,SUSU EVAPORASI
100074BIANG PANGSIT - CP,100074,BIANG PANGSIT - CP
100077BAWANG BOMBAY - CP,100077,BAWANG BOMBAY - CP
100084UDANG KUPAS - CP,100084,UDANG KUPAS - CP
100093AYAM PAHA FILLET - CP,100093,AYAM PAHA FILLET - CP
100094KULIT TAHU KECIL - CP,100094,KULIT TAHU KECIL - CP
100095KEJU,100095,KEJU
100096PLASTIK VACUM BESAR 23 X 34,100096,PLASTIK VACUM BESAR 23 X 34
100097PLASTIK VACUM SEDANG 20 X 30,100097,PLASTIK VACUM SEDANG 20 X 30
100100HD PLASTIK TICTAS 15X17 (DUREN 2),100100,HD PLASTIK TICTAS 15X17 (DUREN 2)
100102HD PLASTIK TICTAS 15X30X50 (DUREN 3),100102,HD PLASTIK TICTAS 15X30X50 (DUREN 3)
100103ADONAN PANGSIT,100103,ADONAN PANGSIT
100108BAWANG GORENG,100108,BAWANG GORENG
100109MINYAK MIE,100109,MINYAK MIE
100116JAMUR HITAM (SHITAKE) KERING 3KG,100116,JAMUR HITAM (SHITAKE) KERING 3KG
100117POWDER ES COKLAT - NESTLE,100117,POWDER ES COKLAT - NESTLE
100119KECAP SAWI POUCH,100119,KECAP SAWI POUCH
100120KESET BIHUN GULUNG (POTONGAN),100120,KESET BIHUN GULUNG (POTONGAN)
100121SURAI NAGA (v.20),100121,SURAI NAGA (v.20)
100122KRUPUK MIE (v.20),100122,KRUPUK MIE (v.20)
100124CABE RAWIT - RESTO,100124,CABE RAWIT - RESTO
100129TELUR - RESTO,100129,TELUR - RESTO
100130DAUN BAWANG/BRAMBANG - RESTO,100130,DAUN BAWANG/BRAMBANG - RESTO
100132TEPUNG TELUR,100132,TEPUNG TELUR
100133MINYAK GORENG - CP (v.20),100133,MINYAK GORENG - CP (v.20)
100134DIPPING FINNA SACHET,100134,DIPPING FINNA SACHET
100135POTASSIUM SORBAT - CP,100135,POTASSIUM SORBAT - CP
100138BIANG DIMSUM BASAH - CP v.20,100138,BIANG DIMSUM BASAH - CP v.20
100139BIANG DIMSUM KERING - CP v.20,100139,BIANG DIMSUM KERING - CP v.20
100143MINYAK GORENG - RESTO (v.20),100143,MINYAK GORENG - RESTO (v.20)
100144PAPER PLATE MIE,100144,PAPER PLATE MIE
100151PAPER PLATE DIMSUM,100151,PAPER PLATE DIMSUM
100152GARAM - RESTO,100152,GARAM - RESTO
100154TEPUNG DIMSUM - CP v.30,100154,TEPUNG DIMSUM - CP v.30
100155IPAL - NEW CP,100155,IPAL - NEW CP
100157LEMON TEA - AW,100157,LEMON TEA - AW
100158ORANGE - AW,100158,ORANGE - AW
100159VANILLA LATTE - AW,100159,VANILLA LATTE - AW
100160COKLAT - AW,100160,COKLAT - AW
100161TEA TARIK - AW,100161,TEA TARIK - AW
100162SIRUP ROSE (V.20),100162,SIRUP ROSE (V.20)
100163SIRUP LECHY (V.20),100163,SIRUP LECHY (V.20)
100164TOPPING DAUN KERING MIE - RESTO,100164,TOPPING DAUN KERING MIE - RESTO
100165TEXTURED VEGETABLE PROTEINS,100165,TEXTURED VEGETABLE PROTEINS
100166SUSU KENTAL MANIS POUCH,100166,SUSU KENTAL MANIS POUCH
100167UDANG THAWING,100167,UDANG THAWING
100168NIPIS MADU,100168,NIPIS MADU
200004DITEKTOR UANG PALSU,200004,DITEKTOR UANG PALSU
200011KURSI KANTOR,200011,KURSI KANTOR
200021MEJA KANTOR,200021,MEJA KANTOR
200032RAK KONTAINER KECIL,200032,RAK KONTAINER KECIL
200033RAK SEPATU KARYAWAN,200033,RAK SEPATU KARYAWAN
200036TANGKI BOILER,200036,TANGKI BOILER
200040BALON WHISK,200040,BALON WHISK
200041BOTOL DIPPING BESAR,200041,BOTOL DIPPING BESAR
200042BOTOL KECAP KECIL,200042,BOTOL KECAP KECIL
200043BOTOL SPRAY,200043,BOTOL SPRAY
200044CAPIT SNACK ( BESAR ),200044,CAPIT SNACK ( BESAR )
200047CETING TRADISI ( BESAR ),200047,CETING TRADISI ( BESAR )
200048CETING TRADISI ( KECIL ),200048,CETING TRADISI ( KECIL )
200052DANDANG ACIN UK 60,200052,DANDANG ACIN UK 60
200053DISPENSER,200053,DISPENSER
200056EROS MELAMINE UK BESAR,200056,EROS MELAMINE UK BESAR
200062EROS STAINLESS UK 30 CC,200062,EROS STAINLESS UK 30 CC
200065EROS STAINLESS UK BESAR,200065,EROS STAINLESS UK BESAR
200067FOOD PAN KECIL,200067,FOOD PAN KECIL
200068GARPU ADUKAN MIE,200068,GARPU ADUKAN MIE
200070GARPU MAKAN,200070,GARPU MAKAN
200071GAS BURNER ( LONG SHUN ),200071,GAS BURNER ( LONG SHUN )
200078GELAS KARYAWAN,200078,GELAS KARYAWAN
200081GELAS MINUMAN HANGAT,200081,GELAS MINUMAN HANGAT
200083GELAS TEA,200083,GELAS TEA
200084GELAS UKUR,200084,GELAS UKUR
200085GELAS UKUR 130 ML,200085,GELAS UKUR 130 ML
200086GOLOK,200086,GOLOK
200089JIGGER UK 20/30,200089,JIGGER UK 20/30
200090JIGGER UK 20/40,200090,JIGGER UK 20/40
200091JIGGER UK 30/40,200091,JIGGER UK 30/40
200092KLAKAT DIMSUM,200092,KLAKAT DIMSUM
200101NAMPAN KARET BULAT,200101,NAMPAN KARET BULAT
200102NAMPAN KAYU KOTAK,200102,NAMPAN KAYU KOTAK
200105PANCI DANDANG DIMSUM UK 36,200105,PANCI DANDANG DIMSUM UK 36
200106PANCI ENDAPAN MINYAK UK 40,200106,PANCI ENDAPAN MINYAK UK 40
200108PANCI MIE,200108,PANCI MIE
200111PANCI ORCHID UK 28,200111,PANCI ORCHID UK 28
200113PANCI ORCHID UK 32 CM,200113,PANCI ORCHID UK 32 CM
200114PANCI ORCHID UK 36,200114,PANCI ORCHID UK 36
200122PEMUKUL DAGING,200122,PEMUKUL DAGING
200127PIRING HAWAI BLACK,200127,PIRING HAWAI BLACK
200130PIRING PLASTIK,200130,PIRING PLASTIK
200132PISAU BUAH BESAR,200132,PISAU BUAH BESAR
200133PISAU BUAH KECIL,200133,PISAU BUAH KECIL
200139PRAXIS KEEPER UK 900ML,200139,PRAXIS KEEPER UK 900ML
200142SARINGAN MIE,200142,SARINGAN MIE
200143SARINGAN MINYAK,200143,SARINGAN MINYAK
200145SARINGAN TEH GACOAN,200145,SARINGAN TEH GACOAN
200149SENDOK ES STAINLESS,200149,SENDOK ES STAINLESS
200150SENDOK MAKAN STAINLESS,200150,SENDOK MAKAN STAINLESS
200152SENDOK TAKAR 12 GRM,200152,SENDOK TAKAR 12 GRM
200153SENDOK TAKAR PLASTIK,200153,SENDOK TAKAR PLASTIK
200154SENDOK TAKAR STAINLESS,200154,SENDOK TAKAR STAINLESS
200155SEROK ACIN,200155,SEROK ACIN
200156SEROK BESAR,200156,SEROK BESAR
200157SEROK BESAR KAWAT,200157,SEROK BESAR KAWAT
200158SEROK ICE,200158,SEROK ICE
200161SHAKER 750,200161,SHAKER 750
200165SPATULA MIE IBLIS ( SODET COKLAT ),200165,SPATULA MIE IBLIS ( SODET COKLAT )
200166SPATULA STAINLESS,200166,SPATULA STAINLESS
200167STIK DRUM,200167,STIK DRUM
200168SUTIL,200168,SUTIL
200170TALENAN PLASTIK,200170,TALENAN PLASTIK
200172TEFLON SEALER,200172,TEFLON SEALER
200173TEKO BESAR ( BIANG TEH ),200173,TEKO BESAR ( BIANG TEH )
200176TERMOS AIR,200176,TERMOS AIR
200180TIMBANGAN 5 KG,200180,TIMBANGAN 5 KG
200182TIMER DIGITAL,200182,TIMER DIGITAL
200184TOPLES UK 18 LTR,200184,TOPLES UK 18 LTR
200185TOPLES UK 4 LTR,200185,TOPLES UK 4 LTR
200187TOPLES UK 9 LTR,200187,TOPLES UK 9 LTR
200191WAJAN BESI UK 50',200191,WAJAN BESI UK 50'
200192WAJAN BESI UK 70',200192,WAJAN BESI UK 70'
200193WAJAN RAKSASA UK 80',200193,WAJAN RAKSASA UK 80'
200194WAJAN TEFLON CEKUNG,200194,WAJAN TEFLON CEKUNG
200196CUP 12,200196,CUP 12
200197CUP 14,200197,CUP 14
200198CUP 16,200198,CUP 16
200199CUP SEALER BESAR,200199,CUP SEALER BESAR
200200KERTAS BAKPAO 10.5 CM,200200,KERTAS BAKPAO 10.5 CM
200201KERTAS MINYAK,200201,KERTAS MINYAK
200204MIKA/CUP DIPPING,200204,MIKA/CUP DIPPING
200207PLASTIK WRAP,200207,PLASTIK WRAP
200208SEDOTAN BUBBLE,200208,SEDOTAN BUBBLE
200209SEDOTAN HITAM,200209,SEDOTAN HITAM
200210SENDOK PLASTIK,200210,SENDOK PLASTIK
200212STEROFOAM MIE,200212,STEROFOAM MIE
200213STEROFOAM DIMSUM,200213,STEROFOAM DIMSUM
200217CARBON BRUSH,200217,CARBON BRUSH
200218BALL VALVE 1'',200218,BALL VALVE 1''
200220BLACK BUTTON COVER F/ PIEZO IGNITER,200220,BLACK BUTTON COVER F/ PIEZO IGNITER
200222BURNER F/ FRY NGFT 4-60 GS 3655 (GRIDLE),200222,BURNER F/ FRY NGFT 4-60 GS 3655 (GRIDLE)
200237GAS KNOP DIA 8 MM W,200237,GAS KNOP DIA 8 MM W
200238GAS KNOP F/JP SERIES,200238,GAS KNOP F/JP SERIES
200241GAS VALVE HIGH PREASURE (CONTROL SE),200241,GAS VALVE HIGH PREASURE (CONTROL SE)
200242GAS VALVE HP DOUBLE TURBO,200242,GAS VALVE HP DOUBLE TURBO
200249MAGNET D 22 W/TREADED BOLT (SP),200249,MAGNET D 22 W/TREADED BOLT (SP)
200250MAGNIT 40 AUTO,200250,MAGNIT 40 AUTO
200256PIEZO IGNITER UK 18.MM,200256,PIEZO IGNITER UK 18.MM
200257PIEZO SPARK PLUG GS,200257,PIEZO SPARK PLUG GS
200258PIG TAIL,200258,PIG TAIL
200259PILOT 250 MM (KOMPOR HIGH PREASURE),200259,PILOT 250 MM (KOMPOR HIGH PREASURE)
200260PILOT BURNER ASSEMBLED GS,200260,PILOT BURNER ASSEMBLED GS
200261PILOT BURNER F/BUNSEN,200261,PILOT BURNER F/BUNSEN
200263PILOT SW 9000 (SP),200263,PILOT SW 9000 (SP)
200264PIN BLUE + SREW,200264,PIN BLUE + SREW
200266PISAU GILING DAGING,200266,PISAU GILING DAGING
200269RODA RAK DIMSUM,200269,RODA RAK DIMSUM
200270RODA TROLY,200270,RODA TROLY
200271SAFETY GAS COOK (GASVALVE GS3878)8325183,200271,SAFETY GAS COOK (GASVALVE GS3878)8325183
200275SARINGAN FRYER,200275,SARINGAN FRYER
200280ALAT PEL,200280,ALAT PEL
200284GAYUNG,200284,GAYUNG
200286HAND GLOVE KARET,200286,HAND GLOVE KARET
200287HAND GLOVE PLASTIK,200287,HAND GLOVE PLASTIK
200289HAND SOAP,200289,HAND SOAP
200291KAPI,200291,KAPI
200292KARBOL,200292,KARBOL
200293KARET,200293,KARET
200298KRESEK BESAR,200298,KRESEK BESAR
200299KRESEK JUMBO,200299,KRESEK JUMBO
200300KRESEK KECIL,200300,KRESEK KECIL
200301KRESEK SEDANG,200301,KRESEK SEDANG
200307NAPO CLEAN,200307,NAPO CLEAN
200308PAPAN AWAS LANTAI LICIN,200308,PAPAN AWAS LANTAI LICIN
200309PEL SKEP ( KARET ),200309,PEL SKEP ( KARET )
200311PEMBERSIH KACA MEJA,200311,PEMBERSIH KACA MEJA
200312PENGKI ( CIKRAK ),200312,PENGKI ( CIKRAK )
200313PLASTIK 1 KG,200313,PLASTIK 1 KG
200314PLASTIK 1/2 KG,200314,PLASTIK 1/2 KG
200317POLYBAG SAMPAH,200317,POLYBAG SAMPAH
200318SABUN CUCI PIRING,200318,SABUN CUCI PIRING
200319SABUN LANTAI,200319,SABUN LANTAI
200320SAPU IJUK,200320,SAPU IJUK
200321SAPU LIDI,200321,SAPU LIDI
200322SCALE OFF (PEMBERSIH TANGKI BOILER),200322,SCALE OFF (PEMBERSIH TANGKI BOILER)
200325SEAL PACK 3.5 LTR/3500 ML,200325,SEAL PACK 3.5 LTR/3500 ML
200326SEAL PACK POWDER,200326,SEAL PACK POWDER
200329SEAL PACK DIMSUM,200329,SEAL PACK DIMSUM
200332SPON CUCI PIRING,200332,SPON CUCI PIRING
200333TEMPAT SAMPAH 120 LTR,200333,TEMPAT SAMPAH 120 LTR
200334TEMPAT SAMPAH ABU-ABU 20 LTR,200334,TEMPAT SAMPAH ABU-ABU 20 LTR
200335TISSUE ROLL,200335,TISSUE ROLL
200336TISU KM,200336,TISU KM
200337TISU MEJA,200337,TISU MEJA
200338TOWEL,200338,TOWEL
200341ASBAK,200341,ASBAK
200345BASKOM KOTAK BESAR,200345,BASKOM KOTAK BESAR
200346BASKOM STAINLESS 12 CM,200346,BASKOM STAINLESS 12 CM
200347BASKOM STAINLESS 18 CM,200347,BASKOM STAINLESS 18 CM
200348BASKOM STAINLESS UK 14 CM,200348,BASKOM STAINLESS UK 14 CM
200350BASKOM STAINLESS UK 26 CM,200350,BASKOM STAINLESS UK 26 CM
200357CELEMEK HITAM ( KITCHEN ),200357,CELEMEK HITAM ( KITCHEN )
200361COOL BOX 55LTR,200361,COOL BOX 55LTR
200365EMBER,200365,EMBER
200366EMBER 6 GL,200366,EMBER 6 GL
200368EMBER MINYAK,200368,EMBER MINYAK
200375HARD COVER HIMBAUAN,200375,HARD COVER HIMBAUAN
200376HARD COVER MENU DIMSUM,200376,HARD COVER MENU DIMSUM
200377HAIRNET KAIN,200377,HAIRNET KAIN
200379LAKBAN KARTON KECIL,200379,LAKBAN KARTON KECIL
200381JERIGEN MINYAK 5LTR,200381,JERIGEN MINYAK 5LTR
200384KABEL ELEKTRODA,200384,KABEL ELEKTRODA
200392KERTAS THERMAL,200392,KERTAS THERMAL
200393KESET KOTAK KARET LUBANG,200393,KESET KOTAK KARET LUBANG
200395KONTAINER PERFORATED,200395,KONTAINER PERFORATED
200397KONTAINER SOLID,200397,KONTAINER SOLID
200400LADIES STICKER,200400,LADIES STICKER
200412LOGGER,200412,LOGGER
200417MOUSE LAPTOP / PC,200417,MOUSE LAPTOP / PC
200421NOMER MEJA,200421,NOMER MEJA
200426PAPAN TULIS,200426,PAPAN TULIS
200433REGULATOR,200433,REGULATOR
200435SELANG GAS,200435,SELANG GAS
200438STEMPEL,200438,STEMPEL
200442KABEL TIES,200442,KABEL TIES
200446TEMPAT SAMPAH BESAR UK 80 LTR,200446,TEMPAT SAMPAH BESAR UK 80 LTR
200447TEMPAT SAMPAH KECIL UK 10 LTR,200447,TEMPAT SAMPAH KECIL UK 10 LTR
200449TEMPAT TIMER,200449,TEMPAT TIMER
200450TERMOMETER,200450,TERMOMETER
200451THERMOCOUPLE,200451,THERMOCOUPLE
200484PRINTER THERMALL,200484,PRINTER THERMALL
200496CASH DRAWER,200496,CASH DRAWER
200504KIPAS ANGIN,200504,KIPAS ANGIN
200550PRINTER IW 800,200550,PRINTER IW 800
200562UPS KENIKA 600 VA,200562,UPS KENIKA 600 VA
200583BLENDER,200583,BLENDER
200584CASH BOX,200584,CASH BOX
200586HAND DRAYER,200586,HAND DRAYER
200588KOMPOR GAS 2 TUNGKU,200588,KOMPOR GAS 2 TUNGKU
200590MESIN CUP SEALER,200590,MESIN CUP SEALER
200592TIMBANGAN 100 KG,200592,TIMBANGAN 100 KG
200593TIMBANGAN DIGITAL FORTUNO 30 KG,200593,TIMBANGAN DIGITAL FORTUNO 30 KG
200594TOOL BOX,200594,TOOL BOX
200595TROLLI CLEAR UP,200595,TROLLI CLEAR UP
200596TROLLI LOADING,200596,TROLLI LOADING
200599DUST BIN KUNING 240 LTR (TEMPAT SAMPAH),200599,DUST BIN KUNING 240 LTR (TEMPAT SAMPAH)
200600MOB BUCKET (ALAT PEL SET),200600,MOB BUCKET (ALAT PEL SET)
200602ALAT PEMADAM KEBAKARAN ( APAR ),200602,ALAT PEMADAM KEBAKARAN ( APAR )
200603FILLING KABINET,200603,FILLING KABINET
200604LOCKER SET,200604,LOCKER SET
200605PEMBATAS ANTRIAN,200605,PEMBATAS ANTRIAN
200609TERMOGUN,200609,TERMOGUN
200615SERAGAM BARU UK XXL,200615,SERAGAM BARU UK XXL
200629SERAGAM SCM,200629,SERAGAM SCM
200633TOPI CREW LAKI - LAKI,200633,TOPI CREW LAKI - LAKI
200634MONITOR,200634,MONITOR
200635AKRILIC PRINTER,200635,AKRILIC PRINTER
200636BILL HOLDER,200636,BILL HOLDER
200641PALLET HIJAU (FROZEN),200641,PALLET HIJAU (FROZEN)
200642PALLET BIRU (DRY),200642,PALLET BIRU (DRY)
200658CHLORINE,200658,CHLORINE
200662LS 40 A-1 ( LONG SHUN ),200662,LS 40 A-1 ( LONG SHUN )
200664TINTA CODDING,200664,TINTA CODDING
200676REGULATOR LOW PRESSURE,200676,REGULATOR LOW PRESSURE
200684SERAGAM BARU UK ALL SIZE,200684,SERAGAM BARU UK ALL SIZE
200693MASTER CARTON (MC),200693,MASTER CARTON (MC)
200701LAKBAN KARTON BESAR,200701,LAKBAN KARTON BESAR
200706CUP SEALER BESAR,200706,CUP SEALER BESAR
200707SUMPIT (V.20),200707,SUMPIT (V.20)
200708HAND GLOVE KARET - CP,200708,HAND GLOVE KARET - CP
200709STICKER THERMAL,200709,STICKER THERMAL
200714APAR POWDER 3KG,200714,APAR POWDER 3KG
200715APAR TIPE K 6KG,200715,APAR TIPE K 6KG
200717PUMP DISPENSER,200717,PUMP DISPENSER
200718DIGITAL CALIPER,200718,DIGITAL CALIPER
200719TIMBANGAN DIGITAL KECIL,200719,TIMBANGAN DIGITAL KECIL
200720PEMATIK KOMPOR,200720,PEMATIK KOMPOR
200721STRAINER BOWL STAINLESS LUBANG BASKOM KECIL,200721,STRAINER BOWL STAINLESS LUBANG BASKOM KECIL
200722TEMPAT SENDOK FELICIA JUMBO,200722,TEMPAT SENDOK FELICIA JUMBO
200725CADDY BAG,200725,CADDY BAG
200726TEMPAT SAMPAH 80 L (TERTUTUP & INJAK),200726,TEMPAT SAMPAH 80 L (TERTUTUP & INJAK)
200727TEMPAT SAMPAH 80L (THAWING ADONAN),200727,TEMPAT SAMPAH 80L (THAWING ADONAN)
200728DUSTBIN STAINLESS BULAT,200728,DUSTBIN STAINLESS BULAT
200729BABY CHAIR,200729,BABY CHAIR
200730MUKENA,200730,MUKENA
200731SARUNG,200731,SARUNG
200732SAJADAH,200732,SAJADAH
200733RAK MUKENA,200733,RAK MUKENA
200734TANGGA 3 METER,200734,TANGGA 3 METER
200735STICK PENGGANTI LAMPU,200735,STICK PENGGANTI LAMPU
200736DISPENSER SABUN KRISBOW,200736,DISPENSER SABUN KRISBOW
200737RAK PENITIPAN BARANG CUSTOMER,200737,RAK PENITIPAN BARANG CUSTOMER
200738AMBRO FLATWARE BASKET,200738,AMBRO FLATWARE BASKET
200739NAMPAN KARET KOTAK (DIMSUM),200739,NAMPAN KARET KOTAK (DIMSUM)
200743APD (HAZMAT),200743,APD (HAZMAT)
200744APRON,200744,APRON
200745JAS LAB,200745,JAS LAB
200746MIKA/CUP DIPPING (V.20),200746,MIKA/CUP DIPPING (V.20)
410003PERALATAN RESTO - EXISTING STORE,410003,PERALATAN RESTO - EXISTING STORE
410004PLN - EXISTING STORE,410004,PLN - EXISTING STORE
410007SPARE PARTS IT COST - EXISTING STORE,410007,SPARE PARTS IT COST - EXISTING STORE
410008SPARE PARTS MESIN / PERALATAN - EXISTING STORE,410008,SPARE PARTS MESIN / PERALATAN - EXISTING STORE
410010MATERIAL BANGUNAN - EXISTING STORE,410010,MATERIAL BANGUNAN - EXISTING STORE
410011PERIZINAN - CP,410011,PERIZINAN - CP
410012PERIZINAN - HO,410012,PERIZINAN - HO
410013PERIZINAN - EXISTING STORE,410013,PERIZINAN - EXISTING STORE
410026BIAYA ONGKOS KIRIM - CP,410026,BIAYA ONGKOS KIRIM - CP
410027BIAYA ONGKOS KIRIM - DC,410027,BIAYA ONGKOS KIRIM - DC
410029BIAYA ONGKOS KIRIM - RESTO,410029,BIAYA ONGKOS KIRIM - RESTO
410030MATERIAL MESIN / PERALATAN - CP,410030,MATERIAL MESIN / PERALATAN - CP
410033SPARE PART MESIN / PERALATAN - DC,410033,SPARE PART MESIN / PERALATAN - DC
410034SPARE PART MESIN / PERALATAN - HO,410034,SPARE PART MESIN / PERALATAN - HO
410038OBAT / PENGOBATAN - HO,410038,OBAT / PENGOBATAN - HO
410039OBAT / PENGOBATAN - CP,410039,OBAT / PENGOBATAN - CP
410040OBAT / PENGOBATAN - DC,410040,OBAT / PENGOBATAN - DC
410041ATK - HO,410041,ATK - HO
410042ATK - CP,410042,ATK - CP
410043ATK - DC,410043,ATK - DC
410051BIAYA KEAMANAN - HO,410051,BIAYA KEAMANAN - HO
410057BIAYA INVENTARIS - CP,410057,BIAYA INVENTARIS - CP
410058BIAYA INVENTARIS - DC,410058,BIAYA INVENTARIS - DC
410059BIAYA INVENTARIS - HO,410059,BIAYA INVENTARIS - HO
410060BIAYA KEBERSIHAN - CP,410060,BIAYA KEBERSIHAN - CP
410061BIAYA KEBERSIHAN - DC,410061,BIAYA KEBERSIHAN - DC
410062BIAYA KEBERSIHAN - HO,410062,BIAYA KEBERSIHAN - HO
410063MATERIAL BANGUNAN - CP,410063,MATERIAL BANGUNAN - CP
410066BIAYA KEBERSIHAN - EXISTING STORE,410066,BIAYA KEBERSIHAN - EXISTING STORE
410068BIAYA KONSUMSI - HO,410068,BIAYA KONSUMSI - HO
410089BIAYA GAS CNG - CP,410089,BIAYA GAS CNG - CP
410093GALON - EXISTING STORE,410093,GALON - EXISTING STORE
410094BIAYA OPERASIONAL LEGAL - EXISTING STORE,410094,BIAYA OPERASIONAL LEGAL - EXISTING STORE
410096BIAYA INVENTARIS LAB - CP,410096,BIAYA INVENTARIS LAB - CP
410098SPARE PART KENDARAAN - CP,410098,SPARE PART KENDARAAN - CP
410099SPARE PART KENDARAAN - DC,410099,SPARE PART KENDARAAN - DC
410104GALON - CP,410104,GALON - CP
410105ES TUBE v.20 - EXISTING STORE,410105,ES TUBE v.20 - EXISTING STORE
410108JASA PEMELIHARAAN MESIN / PERALATAN - EXISTING STORE,410108,JASA PEMELIHARAAN MESIN / PERALATAN - EXISTING STORE
410111CUP - HO,410111,CUP - HO
410113BIAYA GAS CNG - EXISTING STORE,410113,BIAYA GAS CNG - EXISTING STORE
410116JASA INSTALASI MESIN / PERALATAN - EXISTING STORE,410116,JASA INSTALASI MESIN / PERALATAN - EXISTING STORE
410117JASA PEMBANGUNAN / RENOVASI - EXISTING STORE,410117,JASA PEMBANGUNAN / RENOVASI - EXISTING STORE
410118JASA LAND CLEARING OBSTACLE - EXISTING STORE,410118,JASA LAND CLEARING OBSTACLE - EXISTING STORE
410119JASA PEMELIHARAAN INVENTARIS - EXISTING STORE,410119,JASA PEMELIHARAAN INVENTARIS - EXISTING STORE
410120JASA INSTALASI MESIN / PERALATAN - CP,410120,JASA INSTALASI MESIN / PERALATAN - CP
410122JASA INSTALASI MESIN / PERALATAN - HO,410122,JASA INSTALASI MESIN / PERALATAN - HO
410124JASA PEMBANGUNAN / RENOVASI - CP,410124,JASA PEMBANGUNAN / RENOVASI - CP
410128JASA SERVIS KENDARAAN - DC,410128,JASA SERVIS KENDARAAN - DC
410129PEMBANGUNAN NEW CP,410129,PEMBANGUNAN NEW CP
410131BIAYA KONSUMSI - CP,410131,BIAYA KONSUMSI - CP
410135BIAYA PACKAGING - CP,410135,BIAYA PACKAGING - CP
410140BIAYA PENGEMBANGAN - CP,410140,BIAYA PENGEMBANGAN - CP
410141JASA LAINYA PRIBADI - RESTO,410141,JASA LAINYA PRIBADI - RESTO
410142BIAYA PPN,410142,BIAYA PPN
410143SEWA LAINNYA - RESTO,410143,SEWA LAINNYA - RESTO
410144ASET DALAM PENYELESAIAN - RESTO,410144,ASET DALAM PENYELESAIAN - RESTO
410145BIAYA INTERNET - RESTO,410145,BIAYA INTERNET - RESTO
410146BIAYA PERJALANAN DINAS PIHAK KETIGA - RESTO,410146,BIAYA PERJALANAN DINAS PIHAK KETIGA - RESTO
410148JASA LAINNYA BADAN - RESTO,410148,JASA LAINNYA BADAN - RESTO
410149BEBAN SEWA KENDARAAN - CP,410149,BEBAN SEWA KENDARAAN - CP
410150JASA LAINNYA PP23,410150,JASA LAINNYA PP23
410153JASA LAINNYA PRIBADI - HO,410153,JASA LAINNYA PRIBADI - HO
410154JASA LAINNYA BADAN - HO,410154,JASA LAINNYA BADAN - HO
410157JASA LAINNYA PRIBADI - DC,410157,JASA LAINNYA PRIBADI - DC
410158JASA LAINNYA BADAN - DC,410158,JASA LAINNYA BADAN - DC
410159JASA LAINNYA (ORANG PRIBADI) - CP,410159,JASA LAINNYA (ORANG PRIBADI) - CP
410160JASA LAINNYA (BADAN USAHA) - CP,410160,JASA LAINNYA (BADAN USAHA) - CP
410161BEBAN LISTRIK - RESTO,410161,BEBAN LISTRIK - RESTO
410166BEBAN INTERNET - CP,410166,BEBAN INTERNET - CP
410169Spare parts it cost - HO,410169,Spare parts it cost - HO
410170Spare parts it cost - CP,410170,Spare parts it cost - CP
410171Spare parts it cost - DC,410171,Spare parts it cost - DC
410172PDAM - RESTO,410172,PDAM - RESTO
410174ASET DALAM PENYELESAIAN - CP,410174,ASET DALAM PENYELESAIAN - CP
410176BEBAN TELEPON & PULSA - RESTO,410176,BEBAN TELEPON & PULSA - RESTO
410177JASA PEMELIHARAAN INVENTARIS - CP,410177,JASA PEMELIHARAAN INVENTARIS - CP
410179JASA PEMELIHARAAN INVENTARIS - DC,410179,JASA PEMELIHARAAN INVENTARIS - DC
410180BIAYA SERAGAM HO,410180,BIAYA SERAGAM HO
410183JERIGEN 5L,410183,JERIGEN 5L
410184TUTUP JERIGEN 5L,410184,TUTUP JERIGEN 5L
410188BEBAN AIR - RESTO,410188,BEBAN AIR - RESTO
410189SPARE PART LISTRIK - CP,410189,SPARE PART LISTRIK - CP
"910001AIR CONDITIONER - DAIKIN 1,5 PK",910001,"AIR CONDITIONER - DAIKIN 1,5 PK"
910001AIR CONDITIONER - DAIKIN 2 PK,910001,AIR CONDITIONER - DAIKIN 2 PK
"910001AIR CONDITIONER - DAIKIN FTV/RV-35CXV14 1,5PK MALAYSIA",910001,"AIR CONDITIONER - DAIKIN FTV/RV-35CXV14 1,5PK MALAYSIA"
910001AIR CONDITIONER - GREE 2 PK GWC-18MOO5,910001,AIR CONDITIONER - GREE 2 PK GWC-18MOO5
910001DVR CCTV - HILOOK 16 + 8 CHANEL 5IN1 5MP,910001,DVR CCTV - HILOOK 16 + 8 CHANEL 5IN1 5MP
910001DVR CCTV - HILOOK 8 CHANEL 5IN1 5MP,910001,DVR CCTV - HILOOK 8 CHANEL 5IN1 5MP
910001HANDPHONE (HP) - IPHONE 11 128GB,910001,HANDPHONE (HP) - IPHONE 11 128GB
910001HANDPHONE (HP) - REALME C67 8GB/128GB,910001,HANDPHONE (HP) - REALME C67 8GB/128GB
910001LAPTOP SET - ASUS VIVOBOOK PRO 15 M6500QC-OLEDS551,910001,LAPTOP SET - ASUS VIVOBOOK PRO 15 M6500QC-OLEDS551
910001LAPTOP SET - LENOVO IDEAPAD 3-14IAH8,910001,LAPTOP SET - LENOVO IDEAPAD 3-14IAH8
910001LAPTOP SET - LENOVO V14 G3 IAP,910001,LAPTOP SET - LENOVO V14 G3 IAP
910001PC SET - I3 GEN 10,910001,PC SET - I3 GEN 10
"910001POMPA AIR - SUBMERSIBLE YORK 1,5HP",910001,"POMPA AIR - SUBMERSIBLE YORK 1,5HP"
910001POMPA AIR-WASSER PC-380EA,910001,POMPA AIR-WASSER PC-380EA
910001PROYEKTOR - EPSON EB E500 LCD,910001,PROYEKTOR - EPSON EB E500 LCD
910001PYLONSIGN 2 SISI -  LOGO 24 JAM,910001,PYLONSIGN 2 SISI -  LOGO 24 JAM
910001RAK SOLID 4 TIERS (COLD STORAGE AREA),910001,RAK SOLID 4 TIERS (COLD STORAGE AREA)
910001RAK SOLID 4 TIERS (DRY STORAGE AREA),910001,RAK SOLID 4 TIERS (DRY STORAGE AREA)
910001SINGLE KWALIE RANGE,910001,SINGLE KWALIE RANGE
910001STOCK POT STOVE 2 BURNER,910001,STOCK POT STOVE 2 BURNER
910001STOCK POT STOVE 3 BURNER,910001,STOCK POT STOVE 3 BURNER
910001VORTEX MIXER - MINI VXMNAL,910001,VORTEX MIXER - MINI VXMNAL
"910001AC - GREE 1,5 PK",910001,"AC - GREE 1,5 PK"
910001AIR CONDITIONER - GREE 2PK GWC-18M005S/A,910001,AIR CONDITIONER - GREE 2PK GWC-18M005S/A
910001APTOP SET - LENOVO THINKPAD T460,910001,APTOP SET - LENOVO THINKPAD T460
910001AUDIO MEETING - BARETONE MAX 10HE PORTABLE,910001,AUDIO MEETING - BARETONE MAX 10HE PORTABLE
910001AUDIO OJOL,910001,AUDIO OJOL
910001AUDIO SET,910001,AUDIO SET
910001AUTOCLAVE - HIRAYAMA HVE50,910001,AUTOCLAVE - HIRAYAMA HVE50
910001AUTOMATIC CUP SEALER - AUTATA ATT 95S,910001,AUTOMATIC CUP SEALER - AUTATA ATT 95S
910001BIO SAFETY CABINET - ASPLAB BSC1300APS,910001,BIO SAFETY CABINET - ASPLAB BSC1300APS
910001BOR DUDUK - LEOPARD 16MM,910001,BOR DUDUK - LEOPARD 16MM
910001BOWL CUTTER - HEAVYPRO ZB200L,910001,BOWL CUTTER - HEAVYPRO ZB200L
910001BOWL CUTTER 200L MANUAL,910001,BOWL CUTTER 200L MANUAL
910001BRANKAS - SOLINGEN BERNSTEIN SIZE 2,910001,BRANKAS - SOLINGEN BERNSTEIN SIZE 2
910001BRANKAS KOTAK 1 PINTU - BERNSTEIN SIZE 2,910001,BRANKAS KOTAK 1 PINTU - BERNSTEIN SIZE 2
910001CCTV SET,910001,CCTV SET
910001CCTV SET - HILOOK INDOOR 4IN1 5MP,910001,CCTV SET - HILOOK INDOOR 4IN1 5MP
910001CHILLER SHOWCASE - MODENA SC1303,910001,CHILLER SHOWCASE - MODENA SC1303
910001CHILLER UNDERCOUNTER - ROYALSTAR BD/BC 438,910001,CHILLER UNDERCOUNTER - ROYALSTAR BD/BC 438
910001CHILLER UNDERCOUNTER - ROYALSTAR BD/BC-438,910001,CHILLER UNDERCOUNTER - ROYALSTAR BD/BC-438
910001CHILLER UNDERCOUNTER ROYALSTAR BD/BC-438,910001,CHILLER UNDERCOUNTER ROYALSTAR BD/BC-438
910001Chiller Undercounter Turboair,910001,Chiller Undercounter Turboair
910001Cold Drink Dispenser,910001,Cold Drink Dispenser
910001CONTINOUS SEALER - 770 I PLAT,910001,CONTINOUS SEALER - 770 I PLAT
910001CONVEYOR BELT - IQF,910001,CONVEYOR BELT - IQF
910001CONVEYOR ROLLER GRAVITY,910001,CONVEYOR ROLLER GRAVITY
910001COOLING TABLE - SS 304 1800x1600x830,910001,COOLING TABLE - SS 304 1800x1600x830
910001COOLING TABLE PERFORATED - SS 304 1800x800x830,910001,COOLING TABLE PERFORATED - SS 304 1800x800x830
910001CRATCHO BEVERAGE DISPENSER E 295-4 (MINI TWIN),910001,CRATCHO BEVERAGE DISPENSER E 295-4 (MINI TWIN)
910001CUP SEALER - AUTATA ATT-955,910001,CUP SEALER - AUTATA ATT-955
910001DEEP FRYER - NAYATI GFE/40 RSP,910001,DEEP FRYER - NAYATI GFE/40 RSP
910001DEEP FRYER - NAYATI NGF 30 EC,910001,DEEP FRYER - NAYATI NGF 30 EC
910001DEEP FRYER GFE/40,910001,DEEP FRYER GFE/40
910001DISPENSER KECAP - AUTATA  ATT9L,910001,DISPENSER KECAP - AUTATA  ATT9L
910001DOUBLE KWALIE RANGE,910001,DOUBLE KWALIE RANGE
910001DOUBLE KWALIE RANGE - SS 201 1600x1000x800/1200,910001,DOUBLE KWALIE RANGE - SS 201 1600x1000x800/1200
910001DUCTING SET EXHAUST,910001,DUCTING SET EXHAUST
910001DVR CCTV,910001,DVR CCTV
910001DVR CCTV - HIKVISION,910001,DVR CCTV - HIKVISION
910001DVR CCTV - HILOOK 16 CHANEL 5IN1 5MP,910001,DVR CCTV - HILOOK 16 CHANEL 5IN1 5MP
910001DVR CCTV - HILOOK 16CH,910001,DVR CCTV - HILOOK 16CH
910001DVR HIKVISION 16CH,910001,DVR HIKVISION 16CH
910001ELECTRIC TILTING BRATT PAN - METOS VIKING MIXPAN 250,910001,ELECTRIC TILTING BRATT PAN - METOS VIKING MIXPAN 250
910001FILTER AIR - NAZAVA PASIR SILIKA FRP 10,910001,FILTER AIR - NAZAVA PASIR SILIKA FRP 10
910001FORKLIFT BATTERY - HELI H4 SERIES - CPD25 A7LiH4S,910001,FORKLIFT BATTERY - HELI H4 SERIES - CPD25 A7LiH4S
910001FREEZER - MODENA MD-65W,910001,FREEZER - MODENA MD-65W
910001FREEZER MODENA MD-65W,910001,FREEZER MODENA MD-65W
"910001FTC/RC-35NV14 AC DAIKIN 1,5PK THAILAND",910001,"FTC/RC-35NV14 AC DAIKIN 1,5PK THAILAND"
910001FTC/RC-50XV14 AC DAIKIN 2PK THAILAND,910001,FTC/RC-50XV14 AC DAIKIN 2PK THAILAND
910001GENSET,910001,GENSET
910001GENSET - TCA-50US SILENT 50 KVA + PANEL,910001,GENSET - TCA-50US SILENT 50 KVA + PANEL
910001GENSET 50 KVA+PANEL+KNALPOT,910001,GENSET 50 KVA+PANEL+KNALPOT
910001GENSET SILENT 50 KVA + PANEL,910001,GENSET SILENT 50 KVA + PANEL
910001GERINDA DUDUK - MAKITA  GB602,910001,GERINDA DUDUK - MAKITA  GB602
910001GRIDDLE - NAYATI EGFT 6-60 W/STD ECONA GAS,910001,GRIDDLE - NAYATI EGFT 6-60 W/STD ECONA GAS
910001GRIDDLE EGFT 6-60 W/STD ECONA GAS,910001,GRIDDLE EGFT 6-60 W/STD ECONA GAS
910001HANDPALLET 3 TON,910001,HANDPALLET 3 TON
910001HANDPHONE (HP) - REALME C67 8/128GB,910001,HANDPHONE (HP) - REALME C67 8/128GB
910001HANDPHONE (HP) - XIAOMI REDMI NOTE 12 8/128GB,910001,HANDPHONE (HP) - XIAOMI REDMI NOTE 12 8/128GB
910001HIGH PRESSURE CLEANER - KARCHER K5 WCM,910001,HIGH PRESSURE CLEANER - KARCHER K5 WCM
910001HOLDING CABINET ELECTRIC - NAYATI NEHC-5,910001,HOLDING CABINET ELECTRIC - NAYATI NEHC-5
910001HOTPLATE - IKA CMAGHS7,910001,HOTPLATE - IKA CMAGHS7
910001ICE BIN,910001,ICE BIN
910001ICE BIN (KITCHEN AREA),910001,ICE BIN (KITCHEN AREA)
910001INCUBATOR - MEMMERT IN55,910001,INCUBATOR - MEMMERT IN55
910001JANITOR CABINET - KRISBOW 900X45X1850MM,910001,JANITOR CABINET - KRISBOW 900X45X1850MM
910001KOMPOR GAS 2 TUNGKU,910001,KOMPOR GAS 2 TUNGKU
910001KOMPOR GAS 3 TUNGKU,910001,KOMPOR GAS 3 TUNGKU
910001KOMPOR GAS HIGH PREASURE 1 BURNER,910001,KOMPOR GAS HIGH PREASURE 1 BURNER
910001KOMPOR GAS HIGH PREASURE 2 BURNER,910001,KOMPOR GAS HIGH PREASURE 2 BURNER
910001KOMPOR GAS HIGH PREASURE 2 BURNER (KITCHEN AREA),910001,KOMPOR GAS HIGH PREASURE 2 BURNER (KITCHEN AREA)
910001KOMPOR GAS HIGH PREASURE 2 BURNER KOMPOR GAS HIGH PREASURE 2 BURNER,910001,KOMPOR GAS HIGH PREASURE 2 BURNER KOMPOR GAS HIGH PREASURE 2 BURNER
910001KURI KAYU - OJOL,910001,KURI KAYU - OJOL
910001KURSI KAYU - OJOL,910001,KURSI KAYU - OJOL
910001KURSI KAYU - SAMBUNG,910001,KURSI KAYU - SAMBUNG
910001KURSI KAYU - SINGLE,910001,KURSI KAYU - SINGLE
910001KURSI KAYU SINGLE,910001,KURSI KAYU SINGLE
910001KURSI OJOL,910001,KURSI OJOL
910001KURSI SINGLE,910001,KURSI SINGLE
910001KURSI SOFA GALAR KAYU,910001,KURSI SOFA GALAR KAYU
910001KURSI TC,910001,KURSI TC
910001KURSI TC - SAPPORO HITAM,910001,KURSI TC - SAPPORO HITAM
910001LAP TOP SET - ASUS A416M,910001,LAP TOP SET - ASUS A416M
910001LAPTOP SET -  ASUS TUF GAMING I7 - FX506HF - I725B6T - C,910001,LAPTOP SET -  ASUS TUF GAMING I7 - FX506HF - I725B6T - C
910001LAPTOP SET - ASUS A416M,910001,LAPTOP SET - ASUS A416M
910001LAPTOP SET - ASUS TUF F15 GAMING FA506NC-R535B3T-O,910001,LAPTOP SET - ASUS TUF F15 GAMING FA506NC-R535B3T-O
910001LAPTOP SET - ASUS TUF GAMING I7 FX506HF-I725B6T-O,910001,LAPTOP SET - ASUS TUF GAMING I7 FX506HF-I725B6T-O
910001LAPTOP SET - ASUS TUF R5 GAMING FA506NC-R535B3T,910001,LAPTOP SET - ASUS TUF R5 GAMING FA506NC-R535B3T
910001LAPTOP SET - ASUS VIVOBOOK A416MAO-FHD425,910001,LAPTOP SET - ASUS VIVOBOOK A416MAO-FHD425
910001LAPTOP SET - ASUS VIVOBOOK A416MAO-FHD426,910001,LAPTOP SET - ASUS VIVOBOOK A416MAO-FHD426
910001LAPTOP SET - HP PAVILION AERO 13-BE2001AU,910001,LAPTOP SET - HP PAVILION AERO 13-BE2001AU
910001LAPTOP SET - LENOVO IDEAPAD - 14IAU7,910001,LAPTOP SET - LENOVO IDEAPAD - 14IAU7
910001LAPTOP SET - LENOVO IDEAPAD 3,910001,LAPTOP SET - LENOVO IDEAPAD 3
910001LAPTOP SET - LENOVO IDEAPAD 3-14IAU7,910001,LAPTOP SET - LENOVO IDEAPAD 3-14IAU7
910001LAPTOP SET - LENOVO THINKPAD L13YOGA,910001,LAPTOP SET - LENOVO THINKPAD L13YOGA
910001LAPTOP SET - LENOVO THINKPAD T460,910001,LAPTOP SET - LENOVO THINKPAD T460
910001LAPTOP SET - LENOVO THINKPAD X1 YOGA,910001,LAPTOP SET - LENOVO THINKPAD X1 YOGA
910001LAPTOP SET - LENOVO THINKPAD X270,910001,LAPTOP SET - LENOVO THINKPAD X270
910001LAPTOP SET - MACBOOK AIR 2020 PROCC M1,910001,LAPTOP SET - MACBOOK AIR 2020 PROCC M1
910001LAPTOP SET - MSI GAMING I5 GF63 THIN 12VF-243ID,910001,LAPTOP SET - MSI GAMING I5 GF63 THIN 12VF-243ID
910001LAPTOP SET -LENOVO THINKPAD T460,910001,LAPTOP SET -LENOVO THINKPAD T460
"910001LAS ARGON - LAKONI MAG,TIG 200A",910001,"LAS ARGON - LAKONI MAG,TIG 200A"
910001LEMARI BESI BERNSTEIN SIZE 2 - SOLINGEN,910001,LEMARI BESI BERNSTEIN SIZE 2 - SOLINGEN
910001LICENSE POS SOLIS RESTO,910001,LICENSE POS SOLIS RESTO
910001MEAT GRINDER - HEAVYPRO JR120,910001,MEAT GRINDER - HEAVYPRO JR120
910001MEAT GRINDER - MAKSINDO MHW 80,910001,MEAT GRINDER - MAKSINDO MHW 80
910001MEJA KAYU - 60 X 120 CM,910001,MEJA KAYU - 60 X 120 CM
910001MEJA KAYU - 60 X 80 CM,910001,MEJA KAYU - 60 X 80 CM
910001MEJA KAYU - 60X120 CM,910001,MEJA KAYU - 60X120 CM
910001MEJA KAYU - 60X80 CM,910001,MEJA KAYU - 60X80 CM
910001MEJA KAYU - TC 60 X 270 CM,910001,MEJA KAYU - TC 60 X 270 CM
910001MEJA KAYU UK 120x60,910001,MEJA KAYU UK 120x60
910001MEJA KAYU UK 60x120,910001,MEJA KAYU UK 60x120
910001MEJA KAYU UK 60x80,910001,MEJA KAYU UK 60x80
910001MEJA KAYU UK 80x60,910001,MEJA KAYU UK 80x60
910001MEJA TC,910001,MEJA TC
910001MESIN CETAK BAKSO - XUZHONG SZ605S,910001,MESIN CETAK BAKSO - XUZHONG SZ605S
910001MESIN SERUT WORTEL - SS 304,910001,MESIN SERUT WORTEL - SS 304
910001MESIN SIOMAY FX-800/150 HEAVYPRO,910001,MESIN SIOMAY FX-800/150 HEAVYPRO
910001METAL DETECTOR - SESOTECH GLS 300/100,910001,METAL DETECTOR - SESOTECH GLS 300/100
910001MICROPIPETTE - SOCOREX 825-1000,910001,MICROPIPETTE - SOCOREX 825-1000
910001Microwave Oven,910001,Microwave Oven
910001MIKROTIK CCR2004-16G-2S+,910001,MIKROTIK CCR2004-16G-2S+
910001MIXER PLANETARY - XUZHONG SZM60,910001,MIXER PLANETARY - XUZHONG SZM60
910001MOISTURE BALANCE - OHAUS MB95,910001,MOISTURE BALANCE - OHAUS MB95
910001MONITOR TOUCHSCREEN - LED LG 17BR30T,910001,MONITOR TOUCHSCREEN - LED LG 17BR30T
910001MONITOR TOUCHSCREEN - LED LG 17MB15,910001,MONITOR TOUCHSCREEN - LED LG 17MB15
910001MONITOR TOUCHSCREEN - LED LG 17MB15T,910001,MONITOR TOUCHSCREEN - LED LG 17MB15T
910001MONITOR TOUCHSCREEN - LG 17MB15,910001,MONITOR TOUCHSCREEN - LG 17MB15
910001MONITOR TOUCHSCREEN - LG 17MB15T,910001,MONITOR TOUCHSCREEN - LG 17MB15T
910001MONITOR TOUCHSREEN - LED LG 17MB15T,910001,MONITOR TOUCHSREEN - LED LG 17MB15T
910001MULTI GAS DETECTOR - ALTAIR 4XR,910001,MULTI GAS DETECTOR - ALTAIR 4XR
910001N COMPUNTING - L300,910001,N COMPUNTING - L300
910001NOODLE BOILER - NAYATI 6 HOLE EGN 16 ECONA GAS,910001,NOODLE BOILER - NAYATI 6 HOLE EGN 16 ECONA GAS
910001NOODLE BOILER EGN 16 ECONA GAS,910001,NOODLE BOILER EGN 16 ECONA GAS
910001OVEN - MEMMERT UN55,910001,OVEN - MEMMERT UN55
910001PC - NCOMPUTING L300,910001,PC - NCOMPUTING L300
910001PC ( KOMPUTER ) SET - I3 GEN 10,910001,PC ( KOMPUTER ) SET - I3 GEN 10
910001PC ( KOMPUTER ) SET - I5 GEN 12,910001,PC ( KOMPUTER ) SET - I5 GEN 12
910001PC STATION SERVER (KOMPUTER OFFICE) - CORE I5 12400,910001,PC STATION SERVER (KOMPUTER OFFICE) - CORE I5 12400
910001PERFORATED RACK 4 TIERS,910001,PERFORATED RACK 4 TIERS
910001PERFORATED RACK 6 TIERS,910001,PERFORATED RACK 6 TIERS
910001POMPA AIR -  ITALI TECH 3INCHI,910001,POMPA AIR -  ITALI TECH 3INCHI
910001POMPA AIR - SHIMIZU JET 400,910001,POMPA AIR - SHIMIZU JET 400
910001POMPA AIR - SHIMIZU JET 400 BIT,910001,POMPA AIR - SHIMIZU JET 400 BIT
910001POMPA AIR - VENEZI STP 100,910001,POMPA AIR - VENEZI STP 100
"910001POMPA AIR - WASSER PUMP 1,5 HP SD-P315K",910001,"POMPA AIR - WASSER PUMP 1,5 HP SD-P315K"
910001POMPA AIR - WASSER PUMP PC 380,910001,POMPA AIR - WASSER PUMP PC 380
910001POMPA AIR - WASSER PUMP PDV 400 EA,910001,POMPA AIR - WASSER PUMP PDV 400 EA
910001POMPA AIR - WASSER PUMP PW-381 EA,910001,POMPA AIR - WASSER PUMP PW-381 EA
910001POMPA AIR - WASSER PUMP SDP-315K,910001,POMPA AIR - WASSER PUMP SDP-315K
910001POMPA AIR - WASSERPUMP PC 500-EA,910001,POMPA AIR - WASSERPUMP PC 500-EA
910001POMPA AIR - WASSERPUMP PW-381 EA SEMI JET PUMP,910001,POMPA AIR - WASSERPUMP PW-381 EA SEMI JET PUMP
910001POMPA SHIMIZU JET 400 BIT,910001,POMPA SHIMIZU JET 400 BIT
910001POMPA SUBMERSIBLE -  ITALI TECH 3INCHI,910001,POMPA SUBMERSIBLE -  ITALI TECH 3INCHI
910001POWERLIFT PALLET STACKER - DYC 15,910001,POWERLIFT PALLET STACKER - DYC 15
910001PRINTER - BROTHER DCP-L25040 DW,910001,PRINTER - BROTHER DCP-L25040 DW
910001PRINTER - EPSON L3210,910001,PRINTER - EPSON L3210
910001PRINTER - EPSON LX310 DOT MATRIX,910001,PRINTER - EPSON LX310 DOT MATRIX
910001PRINTER - HP SMART TANK INK 615,910001,PRINTER - HP SMART TANK INK 615
910001PRINTER EPSON L3210,910001,PRINTER EPSON L3210
910001PRINTER OFFICE - HP SMART THANK 615,910001,PRINTER OFFICE - HP SMART THANK 615
910001PRINTER OFFICE - HP SMART THANK NK 615,910001,PRINTER OFFICE - HP SMART THANK NK 615
910001PYLONSIGN,910001,PYLONSIGN
910001PYLONSIGN - 2 SISI MIE GACOAN,910001,PYLONSIGN - 2 SISI MIE GACOAN
910001PYLONSIGN - LOGO 24 JAM,910001,PYLONSIGN - LOGO 24 JAM
910001PYLONSIGN 2 SISI,910001,PYLONSIGN 2 SISI
910001PYLONSIGN 2 SISI - MIE GACOAN,910001,PYLONSIGN 2 SISI - MIE GACOAN
910001RAK BUKU BESI,910001,RAK BUKU BESI
910001RAK DIMSUM - SS 201 600x600x1600,910001,RAK DIMSUM - SS 201 600x600x1600
910001RAK SUSUN PERFORATED 4 SUSUN,910001,RAK SUSUN PERFORATED 4 SUSUN
910001RAK SUSUN PERFORATED 4 SUSUN (BACK SINK AREA),910001,RAK SUSUN PERFORATED 4 SUSUN (BACK SINK AREA)
910001RAK SUSUN PERFORATED 6 SUSUN,910001,RAK SUSUN PERFORATED 6 SUSUN
910001RAK SUSUN PERFORATED 6 SUSUN (BACK SINK AREA),910001,RAK SUSUN PERFORATED 6 SUSUN (BACK SINK AREA)
910001RAK SUSUN SOLID,910001,RAK SUSUN SOLID
910001RAK SUSUN SOLID (COLD STORAGE AREA),910001,RAK SUSUN SOLID (COLD STORAGE AREA)
910001RAK SUSUN SOLID 4 SUSUN,910001,RAK SUSUN SOLID 4 SUSUN
910001SELECTIVE PALLET RACKING (3 TINGKAT),910001,SELECTIVE PALLET RACKING (3 TINGKAT)
910001SELECTIVE PALLET RACKING (4 TINGKAT),910001,SELECTIVE PALLET RACKING (4 TINGKAT)
910001SINGLE SINK,910001,SINGLE SINK
910001SINGLE SINK (KITCHEN AREA),910001,SINGLE SINK (KITCHEN AREA)
910001SMART SOFTWARE CLOUD,910001,SMART SOFTWARE CLOUD
910001SMART WEB REPORT CLOUD,910001,SMART WEB REPORT CLOUD
910001SOLID RACK 4 TIERS,910001,SOLID RACK 4 TIERS
910001SOLID RACK 4 TIERS - SS 201 1600x500x1550,910001,SOLID RACK 4 TIERS - SS 201 1600x500x1550
910001SOLID RACK 4 TIERS (COLD STORAGE AREA),910001,SOLID RACK 4 TIERS (COLD STORAGE AREA)
910001SOLID RACK 4 TIERS (DRY STORAGE AREA),910001,SOLID RACK 4 TIERS (DRY STORAGE AREA)
910001SPINNER MACHINE,910001,SPINNER MACHINE
910001STEAMER 4 HOLE - ECONA EEDS 4-60,910001,STEAMER 4 HOLE - ECONA EEDS 4-60
910001STORAGE BOX SPAREPART,910001,STORAGE BOX SPAREPART
910001TANGKI BOILER - CUSTOM EGN,910001,TANGKI BOILER - CUSTOM EGN
910001TANGKI BOILER - NAYATI EGN 4-75,910001,TANGKI BOILER - NAYATI EGN 4-75
910001TANGKI BOILER - NAYATI NGN 16 MR,910001,TANGKI BOILER - NAYATI NGN 16 MR
910001TANGKI BOILER EGN - CUSTOM,910001,TANGKI BOILER EGN - CUSTOM
910001TANGKI FRYER  - NAYATI SS430 F/GFE/40 RS,910001,TANGKI FRYER  - NAYATI SS430 F/GFE/40 RS
910001TIMBANGAN ANALYTIC - BIOBASE BA2204B,910001,TIMBANGAN ANALYTIC - BIOBASE BA2204B
910001TOOL CABINET -  KRISBOW 900X450X1800MM LPCBU1,910001,TOOL CABINET -  KRISBOW 900X450X1800MM LPCBU1
910001TRAVO LAS - RILON 400A 3PHASE,910001,TRAVO LAS - RILON 400A 3PHASE
910001TRIPLE SINK,910001,TRIPLE SINK
910001TRIPLE SINK (BACK SINK AREA),910001,TRIPLE SINK (BACK SINK AREA)
910001WASSER VORTEX PUMP PDV-400E 400W,910001,WASSER VORTEX PUMP PDV-400E 400W
910001WASSERPUMP PC 500-EA,910001,WASSERPUMP PC 500-EA
910001WASSERPUMP PW-381 EA,910001,WASSERPUMP PW-381 EA
910001WATER BATH - MEMMERT WTB15,910001,WATER BATH - MEMMERT WTB15
910001WATERTREATMENT,910001,WATERTREATMENT
910001WIRELESS CALLING SYSTEM SET - KOLMI,910001,WIRELESS CALLING SYSTEM SET - KOLMI
910001WORK TABLE,910001,WORK TABLE
910001WORK TABLE - SS 304 1800x800x830,910001,WORK TABLE - SS 304 1800x800x830
910001WORK TABLE (BACK SINK AREA),910001,WORK TABLE (BACK SINK AREA)
910001WORK TABLE (KITCHEN AREA),910001,WORK TABLE (KITCHEN AREA)
910001WORK TABLE (SERVICE AREA),910001,WORK TABLE (SERVICE AREA)
910001WORK TABLE DOUBLE UNDER SHELF (BACK SINK AREA),910001,WORK TABLE DOUBLE UNDER SHELF (BACK SINK AREA)
910001WORK TABLE DOUBLE UNDER SHELF (SERVICE AREA),910001,WORK TABLE DOUBLE UNDER SHELF (SERVICE AREA)
910001WORK TABLE GRAVITY ROLL,910001,WORK TABLE GRAVITY ROLL
910001WORK TABLE UK. 1200X700X850,910001,WORK TABLE UK. 1200X700X850
910001WORKTABLE,910001,WORKTABLE
910001WORKTABLE 150X70X85,910001,WORKTABLE 150X70X85
"910001WORKTABLE DOUBLE UNDERSHELF UK 1,8",910001,"WORKTABLE DOUBLE UNDERSHELF UK 1,8"
100172PEWARNA TARTAZINE,100172,PEWARNA TARTAZINE
100171TEPUNG NAGA MAS,100171,TEPUNG NAGA MAS
100010GARAM - CP,100010,GARAM - CP
100031TEPUNG TAPIOKA,100031,TEPUNG TAPIOKA
100169ISOLATED SOY PROTEIN (ISP),100169,ISOLATED SOY PROTEIN (ISP)
100170TEPUNG BATTER,100170,TEPUNG BATTER
100141CAPCOLORS A-8-WSS-145 - CP,100141,CAPCOLORS A-8-WSS-145 - CP
100173KANSUI,100173,KANSUI
100184GARAM - MAKLOON,100184,GARAM - MAKLOON
100182TEPUNG NAGA BIRU,100182,TEPUNG NAGA BIRU
100183POTASSIUM SORBAT - MAKLOON,100183,POTASSIUM SORBAT - MAKLOON
100185MSG - MAKLOON,100185,MSG - MAKLOON
100200SUN QUICK LEMON (V.020),100200,SUN QUICK LEMON (V.020)
100195CHOCOLATE SAUCE,100195,CHOCOLATE SAUCE
100191VANILLA SOFT MIX ICE MIX,100191,VANILLA SOFT MIX ICE MIX
100194CHOCOLATE COATING,100194,CHOCOLATE COATING
100196STRAWBERRY SAUCE,100196,STRAWBERRY SAUCE
100193OREO CRUMB,100193,OREO CRUMB
100192WAFER CONE,100192,WAFER CONE
100176SIOMAY MERCON,100176,SIOMAY MERCON
100174KUOTIE,100174,KUOTIE
100178SUPER PAO AYAM,100178,SUPER PAO AYAM
100180SUPER PAO TELUR ASIN,100180,SUPER PAO TELUR ASIN
100179SUPER PAO OREO,100179,SUPER PAO OREO
100175SIOMAY GRANAT,100175,SIOMAY GRANAT
100181LUMPIA GORENG KULIT TAHU,100181,LUMPIA GORENG KULIT TAHU
100177SIOMAY RUDAL,100177,SIOMAY RUDAL
100198SUPER PAO COKELAT,100198,SUPER PAO COKELAT
100199SUPER PAO KACANG HIJAU,100199,SUPER PAO KACANG HIJAU
100197SUPER PAO TARO,100197,SUPER PAO TARO
100201MUTIARA BOBA PEARL,100201,MUTIARA BOBA PEARL
100202SIGNATURE BROWN SUGAR,100202,SIGNATURE BROWN SUGAR
100096PLASTIK VACUM BESAR 23 X 34,100096,PLASTIK VACUM BESAR 23 X 34
100097PLASTIK VACUM SEDANG 20 X 30,100097,PLASTIK VACUM SEDANG 20 X 30
410094BIAYA OPERASIONAL LEGAL - EXISTING STORE,410094,BIAYA OPERASIONAL LEGAL - EXISTING STORE
410057BIAYA INVENTARIS - CP,410057,BIAYA INVENTARIS - CP
410060BIAYA KEBERSIHAN - CP,410060,BIAYA KEBERSIHAN - CP
410010MATERIAL BANGUNAN - EXISTING STORE,410010,MATERIAL BANGUNAN - EXISTING STORE
410117JASA PEMBANGUNAN / RENOVASI - EXISTING STORE,410117,JASA PEMBANGUNAN / RENOVASI - EXISTING STORE
410004PLN - EXISTING STORE,410004,PLN - EXISTING STORE
410161BEBAN LISTRIK - RESTO,410161,BEBAN LISTRIK - RESTO
410096BIAYA INVENTARIS LAB - CP,410096,BIAYA INVENTARIS LAB - CP
410003PERALATAN RESTO - EXISTING STORE,410003,PERALATAN RESTO - EXISTING STORE
200092KLAKAT DIMSUM,200092,KLAKAT DIMSUM
200091JIGGER UK 30/40,200091,JIGGER UK 30/40
200122PEMUKUL DAGING,200122,PEMUKUL DAGING
200717PUMP DISPENSER,200717,PUMP DISPENSER
200127PIRING HAWAI BLACK,200127,PIRING HAWAI BLACK
200361COOL BOX 55LTR,200361,COOL BOX 55LTR
200395KONTAINER PERFORATED,200395,KONTAINER PERFORATED
200720PEMATIK KOMPOR,200720,PEMATIK KOMPOR
200739NAMPAN KARET KOTAK (DIMSUM),200739,NAMPAN KARET KOTAK (DIMSUM)
200421NOMER MEJA,200421,NOMER MEJA
200496CASH DRAWER,200496,CASH DRAWER
200562UPS KENIKA 600 VA,200562,UPS KENIKA 600 VA
410007SPARE PARTS IT COST - STORE,410007,SPARE PARTS IT COST - STORE
410148JASA LAINNYA BADAN - RESTO,410148,JASA LAINNYA BADAN - RESTO
410029BIAYA ONGKOS KIRIM - RESTO,410029,BIAYA ONGKOS KIRIM - RESTO
100047BUAH APEL,100047,BUAH APEL
100042BUAH BELIMBING,100042,BUAH BELIMBING
100044BUAH PEER,100044,BUAH PEER
100045BUAH STRAWBERRY,100045,BUAH STRAWBERRY
100046CINCAU,100046,CINCAU
100130DAUN BAWANG/BRAMBANG - RESTO,100130,DAUN BAWANG/BRAMBANG - RESTO
100124CABE RAWIT - RESTO,100124,CABE RAWIT - RESTO
410105ES TUBE v.20 - EXISTING STORE,410105,ES TUBE v.20 - EXISTING STORE
100028MIE,100028,MIE
100016KULIT PANGSIT,100016,KULIT PANGSIT
100121SURAI NAGA (v.20),100121,SURAI NAGA (v.20)
100122KRUPUK MIE (v.20),100122,KRUPUK MIE (v.20)
100063JERUK NIPIS,100063,JERUK NIPIS
410093GALON - EXISTING STORE,410093,GALON - EXISTING STORE
200392KERTAS THERMAL,200392,KERTAS THERMAL
100065SUSU ULTRA UHT FULL CREAM,100065,SUSU ULTRA UHT FULL CREAM
100017LPG 12KG,100017,LPG 12KG
100011GULA,100011,GULA
100129TELUR - RESTO,100129,TELUR - RESTO
100049JELLY BUBBLE,100049,JELLY BUBBLE
100050JELLY MIE,100050,JELLY MIE
100053NATA DE COCO,100053,NATA DE COCO
100025TEPUNG ROTI,100025,TEPUNG ROTI
100059TEA GOPEK,100059,TEA GOPEK
100152GARAM - RESTO,100152,GARAM - RESTO
200212STEREOFOOM MIE,200212,STEREOFOOM MIE
200213STEROFOAM DIMSUM,200213,STEROFOAM DIMSUM
200196CUP 12,200196,CUP 12
200197CUP 14,200197,CUP 14
200198CUP 16,200198,CUP 16
200317POLY BAG SAMPAH,200317,POLY BAG SAMPAH
200209SEDOTAN HITAM,200209,SEDOTAN HITAM
200208SEDOTAN BUBBLE/BENING,200208,SEDOTAN BUBBLE/BENING
200207PLASTIK WRAP,200207,PLASTIK WRAP
200300KRESEK KECIL,200300,KRESEK KECIL
200301KRESEK SEDANG,200301,KRESEK SEDANG
200298KRESEK BESAR,200298,KRESEK BESAR
200299KRESEK JUMBO,200299,KRESEK JUMBO
200293KARET,200293,KARET
200199CUP SEALER,200199,CUP SEALER
200287HAND GLOVE PLASTIK,200287,HAND GLOVE PLASTIK
200201KERTAS MINYAK,200201,KERTAS MINYAK
200210SENDOK PLASTIK,200210,SENDOK PLASTIK
200442KABEL TIES,200442,KABEL TIES
200318SABUN CUCI PIRING,200318,SABUN CUCI PIRING
100064SUSU KENTAL MANIS,100064,SUSU KENTAL MANIS
100041AIR MINERAL BOTOL,100041,AIR MINERAL BOTOL
100143MINYAK GORENG - RESTO (v.20),100143,MINYAK GORENG - RESTO (v.20)
200314PLASTIK 1/2 KG,200314,PLASTIK 1/2 KG
100163SIRUP LECHY (V.20),100163,SIRUP LECHY (V.20)
100162SIRUP ROSE (V.20),100162,SIRUP ROSE (V.20)
100109MINYAK MIE,100109,MINYAK MIE
100037BASIC MIE,100037,BASIC MIE
200337TISU MEJA,200337,TISU MEJA
200311PEMBERSIH KACA MEJA,200311,PEMBERSIH KACA MEJA
100040TAHU - CP,100040,TAHU - CP
100026WORTEL - CP,100026,WORTEL - CP
100004BAWANG PUTIH - CP,100004,BAWANG PUTIH - CP
100077BAWANG BOMBAY - CP,100077,BAWANG BOMBAY - CP
100001AYAM DADA FILLET - CP,100001,AYAM DADA FILLET - CP
100093AYAM PAHA FILLET - CP,100093,AYAM PAHA FILLET - CP
100121SURAI NAGA (V.20),100121,SURAI NAGA (V.20)
100122KRUPUK MIE (V.20),100122,KRUPUK MIE (V.20)
410104GALON - CP,410104,GALON - CP
200609TERMOGUN,200609,TERMOGUN
200600MOB BUCKET (ALAT PEL SET),200600,MOB BUCKET (ALAT PEL SET)
200595TROLLI CLEAR UP,200595,TROLLI CLEAR UP
200377HAIRNET KAIN,200377,HAIRNET KAIN
200684SERAGAM BARU UK ALL SIZE,200684,SERAGAM BARU UK ALL SIZE
200615SERAGAM BARU UK XXL,200615,SERAGAM BARU UK XXL
200633TOPI CREW LAKI - LAKI,200633,TOPI CREW LAKI - LAKI
200357CELEMEK HITAM ( KITCHEN ),200357,CELEMEK HITAM ( KITCHEN )
200275SARINGAN FRYER,200275,SARINGAN FRYER
200449TEMPAT TIMER,200449,TEMPAT TIMER
200718DIGITAL CALIPER,200718,DIGITAL CALIPER
410013PERIZINAN - EXISTING STORE,410013,PERIZINAN - EXISTING STORE
200707SUMPIT (V.20),200707,SUMPIT (V.20)
100119KECAP SAWI POUCH,100119,KECAP SAWI POUCH
200289HANDSOAP,200289,HANDSOAP
200319SABUN LANTAI,200319,SABUN LANTAI
200313PLASTIK 1 KG,200313,PLASTIK 1 KG
200706CUP SEALER BESAR,200706,CUP SEALER BESAR
100094KULIT TAHU KECIL - CP,100094,KULIT TAHU KECIL - CP
100108BAWANG GORENG,100108,BAWANG GORENG
100116JAMUR HITAM (SHITAKE) KERING 3KG,100116,JAMUR HITAM (SHITAKE) KERING 3KG
100032KULIT PANGSIT (KULIT SIOMAY) - CP,100032,KULIT PANGSIT (KULIT SIOMAY) - CP
200286HAND GLOVE KARET,200286,HAND GLOVE KARET
200307NAPO CLEAN,200307,NAPO CLEAN
100095KEJU,100095,KEJU
100071SUSU EVAPORASI,100071,SUSU EVAPORASI
100133MINYAK GORENG - CP (v.20),100133,MINYAK GORENG - CP (v.20)
100138BIANG DIMSUM BASAH - CP v.20,100138,BIANG DIMSUM BASAH - CP v.20
100139BIANG DIMSUM KERING - CP v.20,100139,BIANG DIMSUM KERING - CP v.20
100154TEPUNG DIMSUM - CP v.30,100154,TEPUNG DIMSUM - CP v.30
100039BIANG AYAM CINCANG - CP,100039,BIANG AYAM CINCANG - CP
100134DIPPING FINNA SACHET,100134,DIPPING FINNA SACHET
100102HD PLASTIK TICTAS 15X30X50 (DUREN 3),100102,HD PLASTIK TICTAS 15X30X50 (DUREN 3)
100100HD PLASTIK TICTAS 15X17 (DUREN 2),100100,HD PLASTIK TICTAS 15X17 (DUREN 2)
200332SPON CUCI PIRING,200332,SPON CUCI PIRING
200200KERTAS BAKPAO 10.5 CM,200200,KERTAS BAKPAO 10.5 CM
100103ADONAN PANGSIT,100103,ADONAN PANGSIT
410150JASA LAINNYA PP23,410150,JASA LAINNYA PP23
410160JASA LAINNYA (BADAN USAHA) - CP,410160,JASA LAINNYA (BADAN USAHA) - CP
410008SPARE PARTS MESIN / PERALATAN - EXISTING STORE,410008,SPARE PARTS MESIN / PERALATAN - EXISTING STORE
410057TRIPLEK - CP,410057,TRIPLEK - CP
410030MATERIAL MESIN / PERALATAN - CP,410030,MATERIAL MESIN / PERALATAN - CP
200397KONTAINER SOLID,200397,KONTAINER SOLID
200004DITEKTOR UANG PALSU,200004,DITEKTOR UANG PALSU
410144ASET DALAM PENYELESAIAN - RESTO,410144,ASET DALAM PENYELESAIAN - RESTO
200336TISU KM,200336,TISU KM
100068CREAMER,100068,CREAMER
100074BIANG PANGSIT - CP,100074,BIANG PANGSIT - CP
200693MASTER CARTON (MC),200693,MASTER CARTON (MC)
200708HAND GLOVE KARET - CP,200708,HAND GLOVE KARET - CP
100061TEA TARIK - NESTLE,100061,TEA TARIK - NESTLE
100062VANILLA LATTE - NESTLE,100062,VANILLA LATTE - NESTLE
100052MILO,100052,MILO
100054ORANGE - NESTLE,100054,ORANGE - NESTLE
100051LEMON TEA - NESTLE,100051,LEMON TEA - NESTLE
100117POWDER ES COKLAT - NESTLE,100117,POWDER ES COKLAT - NESTLE
100167UDANG THAWING,100167,UDANG THAWING
410129PEMBANGUNAN NEW CP,410129,PEMBANGUNAN NEW CP
200021MEJA KANTOR,200021,MEJA KANTOR
200011KURSI KANTOR,200011,KURSI KANTOR
410063MATERIAL BANGUNAN - CP,410063,MATERIAL BANGUNAN - CP
200334TEMPAT SAMPAH ABU-ABU 20 LTR,200334,TEMPAT SAMPAH ABU-ABU 20 LTR
200447TEMPAT SAMPAH KECIL UK 10 LTR,200447,TEMPAT SAMPAH KECIL UK 10 LTR
200145SARINGAN TEH GACOAN,200145,SARINGAN TEH GACOAN
200599DUST BIN KUNING 240 LTR (TEMPAT SAMPAH),200599,DUST BIN KUNING 240 LTR (TEMPAT SAMPAH)
200734TANGGA 3 METER,200734,TANGGA 3 METER
100120KESET BIHUN GULUNG (POTONGAN),100120,KESET BIHUN GULUNG (POTONGAN)
100058SUN QUICK LEMON,100058,SUN QUICK LEMON
100070GREEN THAI TEA,100070,GREEN THAI TEA
200292KARBOL,200292,KARBOL
200658CHLORINE,200658,CHLORINE
200593TIMBANGAN DIGITAL FORTUNO 30 KG,200593,TIMBANGAN DIGITAL FORTUNO 30 KG
200053DISPENSER,200053,DISPENSER
200722TEMPAT SENDOK FELICIA JUMBO,200722,TEMPAT SENDOK FELICIA JUMBO
200592TIMBANGAN 100 KG,200592,TIMBANGAN 100 KG
410039OBAT / PENGOBATAN - CP,410039,OBAT / PENGOBATAN - CP
410040OBAT / PENGOBATAN - DC,410040,OBAT / PENGOBATAN - DC
410038OBAT / PENGOBATAN - HO,410038,OBAT / PENGOBATAN - HO
410058BIAYA INVENTARIS - DC,410058,BIAYA INVENTARIS - DC
410057BIAYA INVENTARIS - CP (Lampu Hannoch),410057,BIAYA INVENTARIS - CP (Lampu Hannoch)
410060BIAYA KEBERSIHAN - CP (Ember dengan tutup),410060,BIAYA KEBERSIHAN - CP (Ember dengan tutup)
410057BIAYA INVENTARIS - CP (Gayung),410057,BIAYA INVENTARIS - CP (Gayung)
410142BIAYA PPN,410142,BIAYA PPN
410141JASA LAINYA PRIBADI - RESTO,410141,JASA LAINYA PRIBADI - RESTO
200729BABY CHAIR,200729,BABY CHAIR
100056SIRUP MOCCA,100056,SIRUP MOCCA
100069BLACK THAI TEA,100069,BLACK THAI TEA
100132TEPUNG TELUR,100132,TEPUNG TELUR
200301KRESEK SEDANG (KILAT HITAM 28X48),200301,KRESEK SEDANG (KILAT HITAM 28X48)
200298KRESEK BESAR (JUMBO TT HJ 25X40),200298,KRESEK BESAR (JUMBO TT HJ 25X40)
200335TISSUE ROLL,200335,TISSUE ROLL
410066BIAYA KEBERSIHAN - EXISTING STORE,410066,BIAYA KEBERSIHAN - EXISTING STORE
410059BIAYA INVENTARIS - HO,410059,BIAYA INVENTARIS - HO
200602ALAT PEMADAM KEBAKARAN ( APAR ),200602,ALAT PEMADAM KEBAKARAN ( APAR )
410118JASA LAND CLEARING OBSTACLE - EXISTING STORE,410118,JASA LAND CLEARING OBSTACLE - EXISTING STORE
200142SARINGAN MIE,200142,SARINGAN MIE
410146BIAYA PERJALANAN DINAS PIHAK KETIGA - RESTO,410146,BIAYA PERJALANAN DINAS PIHAK KETIGA - RESTO
200426PAPAN TULIS,200426,PAPAN TULIS
200238GAS KNOP F/JP SERIES,200238,GAS KNOP F/JP SERIES
200256PIEZO IGNITER UK 18.MM,200256,PIEZO IGNITER UK 18.MM
200451THERMOCOUPLE,200451,THERMOCOUPLE
410120JASA INSTALASI MESIN / PERALATAN - CP,410120,JASA INSTALASI MESIN / PERALATAN - CP
410131BIAYA KONSUMSI - CP,410131,BIAYA KONSUMSI - CP
410113BIAYA GAS CNG - EXISTING STORE,410113,BIAYA GAS CNG - EXISTING STORE
200299KRESEK BESAR,200299,KRESEK BESAR
200298KRESEK JUMBO,200298,KRESEK JUMBO
100143MINYAK GORENG - RESTO (V.20),100143,MINYAK GORENG - RESTO (V.20)
200287HANDGLOVE,200287,HANDGLOVE
100130DAUN BAWANG/BRAMBANG,100130,DAUN BAWANG/BRAMBANG
100129TELUR,100129,TELUR
100124CABE RAWIT,100124,CABE RAWIT
200337TISU MEJA (HANDTOWEL),200337,TISU MEJA (HANDTOWEL)
410119JASA PEMELIHARAAN INVENTARIS - EXISTING STORE,410119,JASA PEMELIHARAAN INVENTARIS - EXISTING STORE
410057BIAYA INVENTARIS - CP (CETAKAN AKRILIK HURUF DAN ANGKA),410057,BIAYA INVENTARIS - CP (CETAKAN AKRILIK HURUF DAN ANGKA)
200333TEMPAT SAMPAH 120 LTR,200333,TEMPAT SAMPAH 120 LTR
200450TERMOMETER,200450,TERMOMETER
200212STEROFOAM MIE/BOX MIE,200212,STEROFOAM MIE/BOX MIE
200550PRINTER IW 800,200550,PRINTER IW 800
200642PALLET BIRU (DRY),200642,PALLET BIRU (DRY)
200154SENDOK TAKAR STAINLESS,200154,SENDOK TAKAR STAINLESS
200089JIGGER UK 20/30,200089,JIGGER UK 20/30
200090JIGGER UK 20/40,200090,JIGGER UK 20/40
200108PANCI MIE,200108,PANCI MIE
200083GELAS TEA,200083,GELAS TEA
410116JASA INSTALASI MESIN / PERALATAN - EXISTING STORE,410116,JASA INSTALASI MESIN / PERALATAN - EXISTING STORE
410143SEWA LAINNYA - RESTO,410143,SEWA LAINNYA - RESTO
200634MONITOR,200634,MONITOR
410169Spare parts it cost - HO,410169,Spare parts it cost - HO
100122KRUPUK MIE,100122,KRUPUK MIE
100152GARAM,100152,GARAM
410068BIAYA KONSUMSI - HO,410068,BIAYA KONSUMSI - HO
200222BURNER F/ FRY NGFT 4-60 GS 3655 (GRIDLE),200222,BURNER F/ FRY NGFT 4-60 GS 3655 (GRIDLE)
200314PLASTIK1/2 KG,200314,PLASTIK1/2 KG
200213STEROFOAM DIMSUM/BOX DIMSUM,200213,STEROFOAM DIMSUM/BOX DIMSUM
200191WAJAN BESI UK 50',200191,WAJAN BESI UK 50'
200192WAJAN BESI UK 70',200192,WAJAN BESI UK 70'
410141JASA LAINYA PRIBADI,410141,JASA LAINYA PRIBADI
410041ATK - HO,410041,ATK - HO
200375HARD COVER HIMBAUAN,200375,HARD COVER HIMBAUAN
410159JASA LAINNYA (ORANG PRIBADI) - CP,410159,JASA LAINNYA (ORANG PRIBADI) - CP
410149BEBAN SEWA KENDARAAN - CP,410149,BEBAN SEWA KENDARAAN - CP
410026BIAYA ONGKOS KIRIM - CP,410026,BIAYA ONGKOS KIRIM - CP
410059BIAYA INVENTARIS - HO (DISPENSER),410059,BIAYA INVENTARIS - HO (DISPENSER)
200157SEROK BESAR KAWAT,200157,SEROK BESAR KAWAT
200736DISPENSER SABUN KRISBOW,200736,DISPENSER SABUN KRISBOW
200737RAK PENITIPAN BARANG CUSTOMER,200737,RAK PENITIPAN BARANG CUSTOMER
200338TOWEL,200338,TOWEL
200081GELAS MINUMAN HANGAT,200081,GELAS MINUMAN HANGAT
200048CETING TRADISI ( KECIL ),200048,CETING TRADISI ( KECIL )
200721STRAINER BOWL STAINLESS LUBANG BASKOM KECIL,200721,STRAINER BOWL STAINLESS LUBANG BASKOM KECIL
200738AMBRO FLATWARE BASKET,200738,AMBRO FLATWARE BASKET
200113PANCI ORCHID UK 32 CM,200113,PANCI ORCHID UK 32 CM
200114PANCI ORCHID UK 36,200114,PANCI ORCHID UK 36
200184TOPLES UK 18 LTR,200184,TOPLES UK 18 LTR
410089BIAYA GAS CNG - CP,410089,BIAYA GAS CNG - CP
200714APAR POWDER 3KG,200714,APAR POWDER 3KG
200715APAR TIPE K 6KG,200715,APAR TIPE K 6KG
200158SEROK ICE,200158,SEROK ICE
200194WAJAN TEFLON CEKUNG,200194,WAJAN TEFLON CEKUNG
200583BLENDER,200583,BLENDER
200588KOMPOR GAS 2 TUNGKU,200588,KOMPOR GAS 2 TUNGKU
200320SAPU IJUK,200320,SAPU IJUK
200368EMBER MINYAK,200368,EMBER MINYAK
200130PIRING PLASTIK,200130,PIRING PLASTIK
200084GELAS UKUR,200084,GELAS UKUR
200350BASKOM STAINLESS UK 26 CM,200350,BASKOM STAINLESS UK 26 CM
200182TIMER DIGITAL,200182,TIMER DIGITAL
200446TEMPAT SAMPAH BESAR UK 80 LTR,200446,TEMPAT SAMPAH BESAR UK 80 LTR
200291KAPI,200291,KAPI
200317POLYBAG SAMPAH,200317,POLYBAG SAMPAH
200314PLASTIK 1/2KG,200314,PLASTIK 1/2KG
200043BOTOL SPRAY,200043,BOTOL SPRAY
200586HAND DRAYER,200586,HAND DRAYER
200365EMBER,200365,EMBER
410153JASA LAINNYA PRIBADI - HO,410153,JASA LAINNYA PRIBADI - HO
200707SUMPIT,200707,SUMPIT
200381JERIGEN MINYAK 5LTR,200381,JERIGEN MINYAK 5LTR
410051BIAYA KEAMANAN - HO,410051,BIAYA KEAMANAN - HO
410011PERIZINAN - CP,410011,PERIZINAN - CP
200085GELAS UKUR 130 ML,200085,GELAS UKUR 130 ML
200161SHAKER 750,200161,SHAKER 750
200379LAKBAN KARTON KECIL,200379,LAKBAN KARTON KECIL
100060TEA NAGA,100060,TEA NAGA
410042ATK - CP,410042,ATK - CP
410059TERMOMETER TUSUK ANALOG - HO,410059,TERMOMETER TUSUK ANALOG - HO
410059ANEMOMETER BENETECH - HO,410059,ANEMOMETER BENETECH - HO
410059METERAN TAJIMA 5M - HO,410059,METERAN TAJIMA 5M - HO
410059CLAMPMETER KYORITSU - HO,410059,CLAMPMETER KYORITSU - HO
410059SOUND NOISE LEVEL UNI-T353 - HO,410059,SOUND NOISE LEVEL UNI-T353 - HO
410059TESPEN TEKIRO - HO,410059,TESPEN TEKIRO - HO
200280ALAT PEL,200280,ALAT PEL
200180TIMBANGAN 5 KG,200180,TIMBANGAN 5 KG
200207PLASTIK 1/2 KG,200207,PLASTIK 1/2 KG
200664TINTA CODDING,200664,TINTA CODDING
410148JASA LAINNYA BADAN,410148,JASA LAINNYA BADAN
100155IPAL - NEW CP,100155,IPAL - NEW CP
100135POTASSIUM SORBAT - CP,100135,POTASSIUM SORBAT - CP
200435SELANG GAS,200435,SELANG GAS
200217CARBON BRUSH,200217,CARBON BRUSH
410154JASA LAINNYA BADAN - HO,410154,JASA LAINNYA BADAN - HO
200167STIK DRUM,200167,STIK DRUM
200400LADIES STICKER,200400,LADIES STICKER
200641PALLET HIJAU (FROZEN),200641,PALLET HIJAU (FROZEN)
200635AKRILIC PRINTER,200635,AKRILIC PRINTER
200287HANDGLOVE (PLASTIK),200287,HANDGLOVE (PLASTIK)
100030TEPUNG TERIGU SEGITIGA,100030,TEPUNG TERIGU SEGITIGA
200701LAKBAN KARTON BESAR,200701,LAKBAN KARTON BESAR
410108JASA PEMELIHARAAN MESIN / PERALATAN - EXISTING STORE,410108,JASA PEMELIHARAAN MESIN / PERALATAN - EXISTING STORE
410060BOTOL SABUN PENCET - CP,410060,BOTOL SABUN PENCET - CP
"410057LEPEK KECAP MERAH 4"" - CP",410057,"LEPEK KECAP MERAH 4"" - CP"
100144PAPER PLATE MIE,100144,PAPER PLATE MIE
100151PAPER PLATE DIMSUM,100151,PAPER PLATE DIMSUM
100124CABE RAWIT-RESTO,100124,CABE RAWIT-RESTO
100006CABE RAWIT - CP,100006,CABE RAWIT - CP
200322SCALE OFF (PEMBERSIH TANGKI BOILER),200322,SCALE OFF (PEMBERSIH TANGKI BOILER)
410145BIAYA INTERNET - RESTO,410145,BIAYA INTERNET - RESTO
200208SEDOTAN BUBBLE,200208,SEDOTAN BUBBLE
200594TOOL BOX,200594,TOOL BOX
200590MESIN CUP SEALER,200590,MESIN CUP SEALER
100065SUSU UHT,100065,SUSU UHT
100143MINYAK GORENG,100143,MINYAK GORENG
410057BIAYA INVENTARIS - CP (TRIPLEK 5MM),410057,BIAYA INVENTARIS - CP (TRIPLEK 5MM)
200086GOLOK,200086,GOLOK
200106PANCI ENDAPAN MINYAK UK 40,200106,PANCI ENDAPAN MINYAK UK 40
200325SEAL PACK 3.5 LTR/3500 ML,200325,SEAL PACK 3.5 LTR/3500 ML
200329SEAL PACK DIMSUM,200329,SEAL PACK DIMSUM
200185TOPLES UK 4 LTR,200185,TOPLES UK 4 LTR
200187TOPLES UK 9 LTR,200187,TOPLES UK 9 LTR
200417MOUSE LAPTOP / PC,200417,MOUSE LAPTOP / PC
200270RODA TROLY,200270,RODA TROLY
200311PEMBERSIH MEJA,200311,PEMBERSIH MEJA
410012PERIZINAN - HO,410012,PERIZINAN - HO
410061BIAYA KEBERSIHAN - DC,410061,BIAYA KEBERSIHAN - DC
410174ASET DALAM PENYELESAIAN - CP,410174,ASET DALAM PENYELESAIAN - CP
200204MIKA/CUP DIPPING,200204,MIKA/CUP DIPPING
410135BIAYA PACKAGING - CP,410135,BIAYA PACKAGING - CP
410041ATK - HO ODNER BANTEX,410041,ATK - HO ODNER BANTEX
410041ATK - HO SHEET PROTECTOR BIG,410041,ATK - HO SHEET PROTECTOR BIG
410062BIAYA KEBERSIHAN - HO,410062,BIAYA KEBERSIHAN - HO
410043ATK - DC,410043,ATK - DC
200730MUKENA,200730,MUKENA
200725CADDY BAG,200725,CADDY BAG
200728DUSTBIN STAINLESS BULAT,200728,DUSTBIN STAINLESS BULAT
410170Spare parts it cost - CP,410170,Spare parts it cost - CP
200596TROLLI LOADING,200596,TROLLI LOADING
200166SPATULA STAINLESS,200166,SPATULA STAINLESS
200040BALON WHISK,200040,BALON WHISK
200345BASKOM KOTAK BESAR,200345,BASKOM KOTAK BESAR
200105PANCI DANDANG DIMSUM UK 36,200105,PANCI DANDANG DIMSUM UK 36
200326SEAL PACK POWDER,200326,SEAL PACK POWDER
200168SUTIL,200168,SUTIL
200170TALENAN PLASTIK,200170,TALENAN PLASTIK
200165SPATULA MIE IBLIS ( SODET COKLAT ),200165,SPATULA MIE IBLIS ( SODET COKLAT )
200412LOGGER,200412,LOGGER
200152SENDOK TAKAR 12 GRM,200152,SENDOK TAKAR 12 GRM
200733RAK MUKENA,200733,RAK MUKENA
200735STICK PENGGANTI LAMPU,200735,STICK PENGGANTI LAMPU
200719TIMBANGAN DIGITAL KECIL,200719,TIMBANGAN DIGITAL KECIL
200732SAJADAH,200732,SAJADAH
200731SARUNG,200731,SARUNG
410059BIAYA INVENTARIS - HO (stekker 3 kaki),410059,BIAYA INVENTARIS - HO (stekker 3 kaki)
410059BIAYA INVENTARIS - HO (lampu wilux),410059,BIAYA INVENTARIS - HO (lampu wilux)
200156SEROK BESAR,200156,SEROK BESAR
410008INSTALASI MESIN / PERALATAN - EXISTING STORE,410008,INSTALASI MESIN / PERALATAN - EXISTING STORE
410141Jasa Instalasi dan Setting,410141,Jasa Instalasi dan Setting
100184GARAM - MAKLOON,100184,GARAM - MAKLOON
100186KANTONG PE 18 X 30,100186,KANTONG PE 18 X 30
100187KANTONG PP 20 X 25,100187,KANTONG PP 20 X 25
100189KANTONG PE 25 X 45,100189,KANTONG PE 25 X 45
200754KRESEK PUTIH 35 X 60,200754,KRESEK PUTIH 35 X 60
200756KRESEK KUNING 35 X 60,200756,KRESEK KUNING 35 X 60
200755KRESEK MERAH 35 X 60,200755,KRESEK MERAH 35 X 60
100182TEPUNG NAGA BIRU,100182,TEPUNG NAGA BIRU
100171TEPUNG NAGA MAS,100171,TEPUNG NAGA MAS
100031TEPUNG TAPIOKA,100031,TEPUNG TAPIOKA
100165TEXTURED VEGETABLE PROTEINS,100165,TEXTURED VEGETABLE PROTEINS
100173KANSUI,100173,KANSUI
100183POTASSIUM SORBAT - MAKLOON,100183,POTASSIUM SORBAT - MAKLOON
100185MSG - MAKLOON,100185,MSG - MAKLOON
100166SUSU KENTAL MANIS POUCH,100166,SUSU KENTAL MANIS POUCH
410113Beban Gas - Resto,410113,Beban Gas - Resto
200746MIKA/CUP DIPPING (V.20),200746,MIKA/CUP DIPPING (V.20)
410003Sparepart Inventaris - Resto (Non Jasa),410003,Sparepart Inventaris - Resto (Non Jasa)
410013Perizinan/Akte - Resto,410013,Perizinan/Akte - Resto
410148Jasa Lainnya (Badan Usaha) - Resto,410148,Jasa Lainnya (Badan Usaha) - Resto
410057Sparepart Inventaris - CP (Non Jasa),410057,Sparepart Inventaris - CP (Non Jasa)
410112Jasa Lainnya (Orang Pribadi) - Resto,410112,Jasa Lainnya (Orang Pribadi) - Resto
410011Perizinan/Akte - CP,410011,Perizinan/Akte - CP
100188KANTONG PE 25 X 40,100188,KANTONG PE 25 X 40
100172PEWARNA TARTAZINE,100172,PEWARNA TARTAZINE
410143Beban Sewa Mesin & Peralatan - Resto,410143,Beban Sewa Mesin & Peralatan - Resto
100010GARAM - CP,100010,GARAM - CP
100157LEMON TEA - AW,100157,LEMON TEA - AW
100158ORANGE - AW,100158,ORANGE - AW
100159VANILLA LATTE - AW,100159,VANILLA LATTE - AW
100161TEA TARIK - AW,100161,TEA TARIK - AW
100160COKLAT - AW,100160,COKLAT - AW
410188BEBAN AIR - RESTO,410188,BEBAN AIR - RESTO
410117Jasa Pemeliharaan Bangunan - Resto,410117,Jasa Pemeliharaan Bangunan - Resto
410068Beban Konsumsi - HO,410068,Beban Konsumsi - HO
410010Spare Part Bangunan - Resto (Non Jasa),410010,Spare Part Bangunan - Resto (Non Jasa)
410060Kebersihan - CP,410060,Kebersihan - CP
410094Beban Operasional Legal - Resto,410094,Beban Operasional Legal - Resto
410116Jasa Pemeliharaan Mesin / Peralatan - Resto,410116,Jasa Pemeliharaan Mesin / Peralatan - Resto
410030Spare Part Mesin / Peralatan - CP (Non Jasa),410030,Spare Part Mesin / Peralatan - CP (Non Jasa)
410008Spare Part Mesin / Peralatan - Resto (Non Jasa),410008,Spare Part Mesin / Peralatan - Resto (Non Jasa)
100170TEPUNG BATTER,100170,TEPUNG BATTER
410119Jasa Pemeliharaan Inventaris - Resto,410119,Jasa Pemeliharaan Inventaris - Resto
410066Beban Kebersihan - Resto,410066,Beban Kebersihan - Resto
410180Biaya seragam - HO,410180,Biaya seragam - HO
410238Perizinan/Akte - DC,410238,Perizinan/Akte - DC
200709STICKER THERMAL,200709,STICKER THERMAL
410089Beban Gas - CP,410089,Beban Gas - CP
410170IT Cost (Pemeliharaan & Spare Part Software) - CP,410170,IT Cost (Pemeliharaan & Spare Part Software) - CP
410040Obat dan pengobatan - DC,410040,Obat dan pengobatan - DC
410038Obat dan pengobatan - HO,410038,Obat dan pengobatan - HO
410171IT Cost (Pemeliharaan & Spare Part Software) - DC,410171,IT Cost (Pemeliharaan & Spare Part Software) - DC
410004Biaya Pemeliharaan & Spare Part Instalasi Listrik - Resto,410004,Biaya Pemeliharaan & Spare Part Instalasi Listrik - Resto
200584CASH BOX,200584,CASH BOX
200308PAPAN AWAS LANTAI LICIN,200308,PAPAN AWAS LANTAI LICIN
410145Beban Internet - Resto,410145,Beban Internet - Resto
410158JASA LAINNYA BADAN - DC,410158,JASA LAINNYA BADAN - DC
410058Sparepart Inventaris - DC (Non Jasa),410058,Sparepart Inventaris - DC (Non Jasa)
410154Jasa Lainnya (Badan Usaha) - HO,410154,Jasa Lainnya (Badan Usaha) - HO
"200037THERMOCOUPLE 2C 24"" GS 2185 (GRIDLE)",200037,"THERMOCOUPLE 2C 24"" GS 2185 (GRIDLE)"
200224BURNER GS UK 9 NP,200224,BURNER GS UK 9 NP
"410029Ongkos kirim, pos, dan paket (Barang dan Orang) - Resto",410029,"Ongkos kirim, pos, dan paket (Barang dan Orang) - Resto"
200072GAS THERMOSTAT,200072,GAS THERMOSTAT
200672LIMIT CONTROL 450F,200672,LIMIT CONTROL 450F
200241GAS VALVE HIGH PREASURE (CONTROL SE),200241,GAS VALVE HIGH PREASURE (CONTROL SE)
200676REGULATOR LOW PRESSURE,200676,REGULATOR LOW PRESSURE
410063Spare Part Bangunan - CP (Non Jasa),410063,Spare Part Bangunan - CP (Non Jasa)
410189Biaya Pemeliharaan & Spare Part Instalasi Listrik - CP,410189,Biaya Pemeliharaan & Spare Part Instalasi Listrik - CP
410189SPARE PART LISTRIK - CP,410189,SPARE PART LISTRIK - CP
200753BAK THAWING BULAT 80 L,200753,BAK THAWING BULAT 80 L
200438STEMPEL,200438,STEMPEL
410039Obat dan pengobatan - CP,410039,Obat dan pengobatan - CP
410183JERIGEN 5L,410183,JERIGEN 5L
410153Jasa Lainnya (Orang Pribadi) - HO,410153,Jasa Lainnya (Orang Pribadi) - HO
200758CUP SUNDAE,200758,CUP SUNDAE
200759TUTUP CUP SUNDAE,200759,TUTUP CUP SUNDAE
410041ATK dan fotokopi - HO,410041,ATK dan fotokopi - HO
410043ATK dan fotokopi - DC,410043,ATK dan fotokopi - DC
410042ATK dan fotokopi - CP,410042,ATK dan fotokopi - CP
200172TEFLON SEALER,200172,TEFLON SEALER
200761KERTAS PENUTUP 12X12 CM,200761,KERTAS PENUTUP 12X12 CM
100169ISOLATED SOY PROTEIN (ISP),100169,ISOLATED SOY PROTEIN (ISP)
410012Perizinan/Akte - HO,410012,Perizinan/Akte - HO
200132PISAU BUAH BESAR,200132,PISAU BUAH BESAR
200133PISAU BUAH KECIL,200133,PISAU BUAH KECIL
200173TEKO BESAR ( BIANG TEH ),200173,TEKO BESAR ( BIANG TEH )
200347BASKOM STAINLESS 18 CM,200347,BASKOM STAINLESS 18 CM
200366EMBER 6 GL,200366,EMBER 6 GL
200139PRAXIS KEEPER UK 900ML,200139,PRAXIS KEEPER UK 900ML
200143SARINGAN MINYAK,200143,SARINGAN MINYAK
200341ASBAK,200341,ASBAK
200042BOTOL KECAP KECIL,200042,BOTOL KECAP KECIL
200044CAPIT SNACK ( BESAR ),200044,CAPIT SNACK ( BESAR )
200056EROS MELAMINE UK BESAR,200056,EROS MELAMINE UK BESAR
200176TERMOS AIR,200176,TERMOS AIR
200047CETING TRADISI ( BESAR ),200047,CETING TRADISI ( BESAR )
410194BEBAN PERANGKAT LUNAK SOFTWARE - RESTO,410194,BEBAN PERANGKAT LUNAK SOFTWARE - RESTO
410196Sewa Dibayar Dimuka Resto,410196,Sewa Dibayar Dimuka Resto
100176SIOMAY MERCON,100176,SIOMAY MERCON
100174KUOTIE,100174,KUOTIE
100178SUPER PAO AYAM,100178,SUPER PAO AYAM
100180SUPER PAO TELUR ASIN,100180,SUPER PAO TELUR ASIN
100179SUPER PAO OREO,100179,SUPER PAO OREO
100175SIOMAY GRANAT,100175,SIOMAY GRANAT
100181LUMPIA GORENG KULIT TAHU,100181,LUMPIA GORENG KULIT TAHU
100177SIOMAY RUDAL,100177,SIOMAY RUDAL
200613SERAGAM BARU UK S,200613,SERAGAM BARU UK S
200612SERAGAM BARU UK M,200612,SERAGAM BARU UK M
200611SERAGAM BARU UK L,200611,SERAGAM BARU UK L
200614SERAGAM BARU UK XL,200614,SERAGAM BARU UK XL
410064Spare Part Bangunan - HO (Non Jasa),410064,Spare Part Bangunan - HO (Non Jasa)
100200SUN QUICK LEMON (V.020),100200,SUN QUICK LEMON (V.020)
200760SENDOK SUNDAE,200760,SENDOK SUNDAE
200603FILLING KABINET,200603,FILLING KABINET
410140BIAYA PENGEMBANGAN - CP,410140,BIAYA PENGEMBANGAN - CP
"410026Ongkos kirim, pos, dan paket (Barang dan Orang) - CP",410026,"Ongkos kirim, pos, dan paket (Barang dan Orang) - CP"
410176Beban Telp & Pulsa - Resto,410176,Beban Telp & Pulsa - Resto
200346BASKOM STAINLESS 12 CM,200346,BASKOM STAINLESS 12 CM
200348BASKOM STAINLESS UK 14 CM,200348,BASKOM STAINLESS UK 14 CM
200309PEL SKEP ( KARET ),200309,PEL SKEP ( KARET )
200312PENGKI ( CIKRAK ),200312,PENGKI ( CIKRAK )
200284GAYUNG,200284,GAYUNG
200155SEROK ACIN,200155,SEROK ACIN
410120Jasa Pemeliharaan Mesin/Peralatan - CP,410120,Jasa Pemeliharaan Mesin/Peralatan - CP
100195CHOCOLATE SAUCE,100195,CHOCOLATE SAUCE
100191VANILLA SOFT MIX ICE MIX,100191,VANILLA SOFT MIX ICE MIX
100194CHOCOLATE COATING,100194,CHOCOLATE COATING
100196STRAWBERRY SAUCE,100196,STRAWBERRY SAUCE
100193OREO CRUMB,100193,OREO CRUMB
100192WAFER CONE,100192,WAFER CONE
200763SENDOK TEH SUNDAE (V.020),200763,SENDOK TEH SUNDAE (V.020)
410221Beban Sewa Mesin & Peralatan - HO,410221,Beban Sewa Mesin & Peralatan - HO
100198SUPER PAO COKELAT,100198,SUPER PAO COKELAT
100199SUPER PAO KACANG HIJAU,100199,SUPER PAO KACANG HIJAU
100197SUPER PAO TARO,100197,SUPER PAO TARO
410124JASA PEMBANGUNAN / RENOVASI - CP,410124,JASA PEMBANGUNAN / RENOVASI - CP
410169Spare parts it cost - HO (KABEL POWER KAKI 3),410169,Spare parts it cost - HO (KABEL POWER KAKI 3)
410169Spare parts it cost - HO (CHARGER HP MIKRO),410169,Spare parts it cost - HO (CHARGER HP MIKRO)
410169Spare parts it cost - HO (FLASHDISK KINGSTONE 64GB),410169,Spare parts it cost - HO (FLASHDISK KINGSTONE 64GB)
410169Spare parts it cost - HO (FLASHDISK SANDISK 32GB),410169,Spare parts it cost - HO (FLASHDISK SANDISK 32GB)
410169Spare parts it cost - HO (ENCLOSURE SATA),410169,Spare parts it cost - HO (ENCLOSURE SATA)
410169Spare parts it cost - HO (ENCLOSURE NVME),410169,Spare parts it cost - HO (ENCLOSURE NVME)
410169Spare parts it cost - HO (KABEL TIES HITAM 15CM),410169,Spare parts it cost - HO (KABEL TIES HITAM 15CM)
410169Spare parts it cost - HO (KLEM KABEL 8MM),410169,Spare parts it cost - HO (KLEM KABEL 8MM)
410169Spare parts it cost - HO (KONEKTOR RJ45 CAT 5 BELDEN),410169,Spare parts it cost - HO (KONEKTOR RJ45 CAT 5 BELDEN)
410169Spare parts it cost - HO (KABEL USB TO LAN),410169,Spare parts it cost - HO (KABEL USB TO LAN)
410169Spare parts it cost - HO (LAN TESTER),410169,Spare parts it cost - HO (LAN TESTER)
200469GILINGAN DAGING,200469,GILINGAN DAGING
200750SIKAT KLAKAT,200750,SIKAT KLAKAT
200484PRINTER THERMALL,200484,PRINTER THERMALL
410123Jasa Pemeliharaan Bangunan - HO,410123,Jasa Pemeliharaan Bangunan - HO
200246KNOP F/GAS COOK DIAL,200246,KNOP F/GAS COOK DIAL
200762WRAP WAFER CONE,200762,WRAP WAFER CONE
410131Beban Konsumsi - CP,410131,Beban Konsumsi - CP
410138Beban Pajak Lain (Reklame dll) - HO,410138,Beban Pajak Lain (Reklame dll) - HO
410136Beban Pajak Lain (Reklame dll) - CP,410136,Beban Pajak Lain (Reklame dll) - CP
"410025Ongkos kirim, pos, dan paket (Barang dan Orang) - HO",410025,"Ongkos kirim, pos, dan paket (Barang dan Orang) - HO"
410124Jasa Pemeliharaan Bangunan - CP,410124,Jasa Pemeliharaan Bangunan - CP
200068GARPU ADUKAN MIE,200068,GARPU ADUKAN MIE
410059Spare Part Inventaris - HO (Non Jasa),410059,Spare Part Inventaris - HO (Non Jasa)
410033Spare Part Mesin / Peralatan - DC (Non Jasa),410033,Spare Part Mesin / Peralatan - DC (Non Jasa)
410264BBM - CP,410264,BBM - CP
200331SIKAT LANTAI TOILET,200331,SIKAT LANTAI TOILET
410157Jasa Lainnya (Orang Pribadi) - DC,410157,Jasa Lainnya (Orang Pribadi) - DC
410158Jasa Lainnya (Badan Usaha) - DC,410158,Jasa Lainnya (Badan Usaha) - DC
200751ASAM SITRAT,200751,ASAM SITRAT
200604LOCKER SET,200604,LOCKER SET
200605PEMBATAS ANTRIAN,200605,PEMBATAS ANTRIAN
200266PISAU GILING DAGING,200266,PISAU GILING DAGING
200726TEMPAT SAMPAH 80 L (TERTUTUP & INJAK),200726,TEMPAT SAMPAH 80 L (TERTUTUP & INJAK)
200078GELAS KARYAWAN,200078,GELAS KARYAWAN
410177JASA PEMELIHARAAN INVENTARIS - CP,410177,JASA PEMELIHARAAN INVENTARIS - CP
200748SERAGAM BARU UK XS,200748,SERAGAM BARU UK XS
200749SERAGAM BARU UK XXXL,200749,SERAGAM BARU UK XXXL
410148Jasa Lainnya (Badan Usaha),410148,Jasa Lainnya (Badan Usaha)
410062Kebersihan - HO,410062,Kebersihan - HO
410192HONORARIUM KONSULTAN & OUTSOURCE FEE - CP,410192,HONORARIUM KONSULTAN & OUTSOURCE FEE - CP
200067FOOD PAN KECIL,200067,FOOD PAN KECIL
200111PANCI ORCHID UK 28,200111,PANCI ORCHID UK 28
200153SENDOK TAKAR PLASTIK,200153,SENDOK TAKAR PLASTIK
200376HARD COVER MENU DIMSUM,200376,HARD COVER MENU DIMSUM
200269RODA RAK DIMSUM,200269,RODA RAK DIMSUM
200504KIPAS ANGIN,200504,KIPAS ANGIN
410176BEBAN TELEPON & PULSA - RESTO,410176,BEBAN TELEPON & PULSA - RESTO
200393KESET KOTAK KARET LUBANG,200393,KESET KOTAK KARET LUBANG
200289HAND SOAP,200289,HAND SOAP
200311PERMBERSIH KACA MEJA,200311,PERMBERSIH KACA MEJA
100164TOPPING DAUN KERING MIE - RESTO,100164,TOPPING DAUN KERING MIE - RESTO
200032RAK KONTAINER KECIL,200032,RAK KONTAINER KECIL
200033RAK SEPATU KARYAWAN,200033,RAK SEPATU KARYAWAN
200149SENDOK ES STAINLESS,200149,SENDOK ES STAINLESS
200707SUMPIT (v.20),200707,SUMPIT (v.20)
200065EROS STAINLESS UK BESAR,200065,EROS STAINLESS UK BESAR
200199CUP SEALER BESAR,200199,CUP SEALER BESAR
410166BEBAN INTERNET - CP,410166,BEBAN INTERNET - CP
410007SPARE PARTS IT COST - EXISTING STORE,410007,SPARE PARTS IT COST - EXISTING STORE
200242GAS VALVE HP DOUBLE TURBO,200242,GAS VALVE HP DOUBLE TURBO
200071GAS BURNER ( LONG SHUN ),200071,GAS BURNER ( LONG SHUN )
200662LS 40 A-1 ( LONG SHUN ),200662,LS 40 A-1 ( LONG SHUN )
200433REGULATOR,200433,REGULATOR
200259PILOT 250 MM (KOMPOR HIGH PREASURE),200259,PILOT 250 MM (KOMPOR HIGH PREASURE)
410172PDAM - RESTO,410172,PDAM - RESTO
200746MIKA/ CUP DIPPING (V.20),200746,MIKA/ CUP DIPPING (V.20)
410157JASA LAINNYA PRIBADI - DC,410157,JASA LAINNYA PRIBADI - DC
200727TEMPAT SAMPAH 80L (THAWING ADONAN),200727,TEMPAT SAMPAH 80L (THAWING ADONAN)
200629SERAGAM SCM,200629,SERAGAM SCM
200636BILL HOLDER,200636,BILL HOLDER
200062EROS STAINLESS UK 30 CC,200062,EROS STAINLESS UK 30 CC
410042ATK - CP (KARTU VISITOR),410042,ATK - CP (KARTU VISITOR)
410042ATK - CP (JEPIT KARTU),410042,ATK - CP (JEPIT KARTU)
410042ATK - CP (MIKA KARTU),410042,ATK - CP (MIKA KARTU)
410122JASA INSTALASI MESIN / PERALATAN - HO,410122,JASA INSTALASI MESIN / PERALATAN - HO
410034SPARE PART MESIN / PERALATAN - HO,410034,SPARE PART MESIN / PERALATAN - HO
410059BIAYA INVENTARIS - HO (STOP KONTAK),410059,BIAYA INVENTARIS - HO (STOP KONTAK)
410059BIAYA INVENTARIS - HO (SAMBUNGAN T),410059,BIAYA INVENTARIS - HO (SAMBUNGAN T)
410059BIAYA INVENTARIS - HO (JET SHOWER),410059,BIAYA INVENTARIS - HO (JET SHOWER)
410033SPARE PART MESIN / PERALATAN - DC,410033,SPARE PART MESIN / PERALATAN - DC
410111CUP - HO,410111,CUP - HO
410180BIAYA SERAGAM HO,410180,BIAYA SERAGAM HO
100093AYAM PAHA FILLET - CP2700,100093,AYAM PAHA FILLET - CP2700
100144PAPERPLATE MIE,100144,PAPERPLATE MIE
200102NAMPAN KAYU KOTAK,200102,NAMPAN KAYU KOTAK
200193WAJAN RAKSASA UK 80',200193,WAJAN RAKSASA UK 80'
200041BOTOL DIPPING BESAR,200041,BOTOL DIPPING BESAR
410171Spare parts it cost - DC,410171,Spare parts it cost - DC
410004SPARE PART LISTRIK,410004,SPARE PART LISTRIK
410184TUTUP JERIGEN 5L,410184,TUTUP JERIGEN 5L
410144PLAT BORDES,410144,PLAT BORDES
200101NAMPAN KARET BULAT,200101,NAMPAN KARET BULAT
200070GARPU MAKAN,200070,GARPU MAKAN
200150SENDOK MAKAN STAINLESS,200150,SENDOK MAKAN STAINLESS
200258PIG TAIL,200258,PIG TAIL
200257PIEZO SPARK PLUG GS,200257,PIEZO SPARK PLUG GS
200263PILOT SW 9000 (SP),200263,PILOT SW 9000 (SP)
200260PILOT BURNER ASSEMBLED GS,200260,PILOT BURNER ASSEMBLED GS
200220BLACK BUTTON COVER F/ PIEZO IGNITER,200220,BLACK BUTTON COVER F/ PIEZO IGNITER
200237GAS KNOP DIA 8 MM W,200237,GAS KNOP DIA 8 MM W
200384KABEL ELEKTRODA,200384,KABEL ELEKTRODA
200261PILOT BURNER F/BUNSEN,200261,PILOT BURNER F/BUNSEN
200218BALL VALVE 1'',200218,BALL VALVE 1''
200249MAGNET D 22 W/TREADED BOLT (SP),200249,MAGNET D 22 W/TREADED BOLT (SP)
200264PIN BLUE + SREW,200264,PIN BLUE + SREW
200271SAFETY GAS COOK (GASVALVE GS3878)8325183,200271,SAFETY GAS COOK (GASVALVE GS3878)8325183
200036TANGKI BOILER,200036,TANGKI BOILER
100065SUSU ULTRA FULL CREAM,100065,SUSU ULTRA FULL CREAM
100129TELUR RESTO,100129,TELUR RESTO
200212STEROFOAM MIE,200212,STEROFOAM MIE
410098SPARE PART KENDARAAN - CP,410098,SPARE PART KENDARAAN - CP
100166SUSU KENTAL MANIS,100166,SUSU KENTAL MANIS
410027BIAYA ONGKOS KIRIM - DC,410027,BIAYA ONGKOS KIRIM - DC
100011GULA -RESTO,100011,GULA -RESTO
200743APD (HAZMAT),200743,APD (HAZMAT)
200745JAS LAB,200745,JAS LAB
200744APRON,200744,APRON
410169Spare parts it cost - HO (RAM  16GB),410169,Spare parts it cost - HO (RAM  16GB)
410169Spare parts it cost - HO (SWITCH HUB TP LINK 4 PORT),410169,Spare parts it cost - HO (SWITCH HUB TP LINK 4 PORT)
410169Spare parts it cost - HO (FLASHDISK 64GB),410169,Spare parts it cost - HO (FLASHDISK 64GB)
410169Spare parts it cost - HO (FLASHDISK 16GB),410169,Spare parts it cost - HO (FLASHDISK 16GB)
410169Spare parts it cost - HO (KONEKTOR RJ45 CAT 5),410169,Spare parts it cost - HO (KONEKTOR RJ45 CAT 5)
410169Spare parts it cost - HO (USB TO LAN),410169,Spare parts it cost - HO (USB TO LAN)
410189SPARE PART LISTRIK - CP (STOP KONTAK 3 METER),410189,SPARE PART LISTRIK - CP (STOP KONTAK 3 METER)
410060BIAYA KEBERSIHAN - CP (PENGHARUM OTOMATIS),410060,BIAYA KEBERSIHAN - CP (PENGHARUM OTOMATIS)
410057BIAYA INVENTARIS - CP (TEMPAT TISSUE TOILET),410057,BIAYA INVENTARIS - CP (TEMPAT TISSUE TOILET)
200250MAGNIT 40 AUTO,200250,MAGNIT 40 AUTO
410179JASA PEMELIHARAAN INVENTARIS - DC,410179,JASA PEMELIHARAAN INVENTARIS - DC
410128JASA SERVIS KENDARAAN - DC,410128,JASA SERVIS KENDARAAN - DC
410099SPARE PART KENDARAAN - DC,410099,SPARE PART KENDARAAN - DC
200321SAPU LIDI,200321,SAPU LIDI
200052DANDANG ACIN UK 60,200052,DANDANG ACIN UK 60
200712KLAKAT PREMIUM,200712,KLAKAT PREMIUM
200723TIMER,200723,TIMER
200380JAKET COLD STORAGE,200380,JAKET COLD STORAGE
410169Spare parts it cost - HO (CONNECTOR RJ45),410169,Spare parts it cost - HO (CONNECTOR RJ45)
410169Spare parts it cost - HO (SWITCH HUB 5 PORT),410169,Spare parts it cost - HO (SWITCH HUB 5 PORT)
410169Spare parts it cost - HO (SWITCH HUB 8 PORT),410169,Spare parts it cost - HO (SWITCH HUB 8 PORT)
410169Spare parts it cost - HO (KABEL TIES 15 CM),410169,Spare parts it cost - HO (KABEL TIES 15 CM)
410004SPARE PART LISTRIK  - RESTO,410004,SPARE PART LISTRIK  - RESTO
200248LEFT WATER TAP-RIGHT 02303964 (PD.2458E2,200248,LEFT WATER TAP-RIGHT 02303964 (PD.2458E2
200245KNOP BOILER/WATER TAP HEAD,200245,KNOP BOILER/WATER TAP HEAD
200272SAFETY GAS VALVE WITH INLET BRACKET&SREW,200272,SAFETY GAS VALVE WITH INLET BRACKET&SREW
200394KEYBOARD USB,200394,KEYBOARD USB
200215TUTUP CUP GELAS,200215,TUTUP CUP GELAS
200694KIT REPLACEMENT NEW BURNER FOR NGN 16 MR (9 ROW),200694,KIT REPLACEMENT NEW BURNER FOR NGN 16 MR (9 ROW)
200233KIT REPLACEMENT GAS VALVE EGFT 6-60 CS.0050K,200233,KIT REPLACEMENT GAS VALVE EGFT 6-60 CS.0050K
200255NOZZLE PILOT 0.35,200255,NOZZLE PILOT 0.35
200267RING F/ PIEZO IGNITER,200267,RING F/ PIEZO IGNITER
410068BIAYA KONSUMSI - HO Selezion biji kopi,410068,BIAYA KONSUMSI - HO Selezion biji kopi
410068BIAYA KONSUMSI - HO skim milk,410068,BIAYA KONSUMSI - HO skim milk
410068BIAYA KONSUMSI - HO dark choco,410068,BIAYA KONSUMSI - HO dark choco
410068BIAYA KONSUMSI - HO coffe mate,410068,BIAYA KONSUMSI - HO coffe mate
410068BIAYA KONSUMSI - HO milo,410068,BIAYA KONSUMSI - HO milo
410169Spare parts it cost - HO (KABEL USB TO VGA HDMI),410169,Spare parts it cost - HO (KABEL USB TO VGA HDMI)
410169Spare parts it cost - HO (KABEL USB HARDISK EXTERNAL),410169,Spare parts it cost - HO (KABEL USB HARDISK EXTERNAL)
410169Spare parts it cost - HO (KABEL HDMI 3M),410169,Spare parts it cost - HO (KABEL HDMI 3M)
200107PANCI KUKUS TAHU UK 36,200107,PANCI KUKUS TAHU UK 36
200174TEMPAT SENDOK,200174,TEMPAT SENDOK
410060BIAYA KEBERSIHAN - CP (PAC),410060,BIAYA KEBERSIHAN - CP (PAC)
410060BIAYA KEBERSIHAN - CP (POLIMER ANIONIK),410060,BIAYA KEBERSIHAN - CP (POLIMER ANIONIK)
410060BIAYA KEBERSIHAN - CP (KAUSTIK POWDER),410060,BIAYA KEBERSIHAN - CP (KAUSTIK POWDER)
410041ATK - HO (RIBBON MESIN ID CARD),410041,ATK - HO (RIBBON MESIN ID CARD)
410041ATK - HO (BLANK CARD),410041,ATK - HO (BLANK CARD)
410169Spare parts it cost - HO (USB HUB 4 PORT),410169,Spare parts it cost - HO (USB HUB 4 PORT)
410170Spare parts it cost - CP (HDD EXTERNAL 1 TB),410170,Spare parts it cost - CP (HDD EXTERNAL 1 TB)
410060BIAYA KEBERSIHAN - CP (KAPORIT POWDER),410060,BIAYA KEBERSIHAN - CP (KAPORIT POWDER)
410057BIAYA INVENTARIS - CP (STAND TABLET),410057,BIAYA INVENTARIS - CP (STAND TABLET)
410057BIAYA INVENTARIS - CP (PRINTER EPPOS),410057,BIAYA INVENTARIS - CP (PRINTER EPPOS)
410121JASA INSTALASI MESIN / PERALATAN - DC,410121,JASA INSTALASI MESIN / PERALATAN - DC
410169Spare parts it cost - HO (OBENG SET),410169,Spare parts it cost - HO (OBENG SET)
410169Spare parts it cost - HO (OBENG + 3*75 MM),410169,Spare parts it cost - HO (OBENG + 3*75 MM)
410169Spare parts it cost - HO (OBENG - 3*75 MM),410169,Spare parts it cost - HO (OBENG - 3*75 MM)
410169Spare parts it cost - HO (TESTPEN),410169,Spare parts it cost - HO (TESTPEN)
410169Spare parts it cost - HO (TANG POTONG DAN TANG JEPIT SET),410169,Spare parts it cost - HO (TANG POTONG DAN TANG JEPIT SET)
410169Spare parts it cost - HO (OBENG + 5*150 MM),410169,Spare parts it cost - HO (OBENG + 5*150 MM)
410169Spare parts it cost - HO (OBENG - 5*150 MM),410169,Spare parts it cost - HO (OBENG - 5*150 MM)
410169Spare parts it cost - HO (KLEM KABEL 22 MM),410169,Spare parts it cost - HO (KLEM KABEL 22 MM)
410169Spare parts it cost - HO (THERMAL PASTE DEEPCOOL Z5),410169,Spare parts it cost - HO (THERMAL PASTE DEEPCOOL Z5)
410169Spare parts it cost - HO (HDD ENCLOSURE SATA 2.5),410169,Spare parts it cost - HO (HDD ENCLOSURE SATA 2.5)
410169Spare parts it cost - HO (KABEL POWER KAKI 2),410169,Spare parts it cost - HO (KABEL POWER KAKI 2)
410169Spare parts it cost - HO (MULTI TESTER),410169,Spare parts it cost - HO (MULTI TESTER)
410169Spare parts it cost - HO (PALU),410169,Spare parts it cost - HO (PALU)
410169Spare parts it cost - HO (RAM 8GB DDR3L),410169,Spare parts it cost - HO (RAM 8GB DDR3L)
200278TANGKI FRIYER,200278,TANGKI FRIYER
410064PEMBANGUNAN / RENOVASI - HO,410064,PEMBANGUNAN / RENOVASI - HO
410123JASA PEMBANGUNAN / RENOVASI - HO,410123,JASA PEMBANGUNAN / RENOVASI - HO
410066BIAYA KEBERSIHAN - EXISTING STORE (PAC),410066,BIAYA KEBERSIHAN - EXISTING STORE (PAC)
410066BIAYA KEBERSIHAN - EXISTING STORE (POLIMER ANIONIK),410066,BIAYA KEBERSIHAN - EXISTING STORE (POLIMER ANIONIK)
410066BIAYA KEBERSIHAN - EXISTING STORE (KAUSTIK POWDER),410066,BIAYA KEBERSIHAN - EXISTING STORE (KAUSTIK POWDER)
410139BIAYA IT COST CLOUD - HO,410139,BIAYA IT COST CLOUD - HO
200104NAMPAN KOTAK LICIN,200104,NAMPAN KOTAK LICIN
200562UPS 1200VA,200562,UPS 1200VA
100141CAPCOLORS A-8-WSS-145 - CP,100141,CAPCOLORS A-8-WSS-145 - CP
410066BIAYA KEBERSIHAN - EXISTING STORE (KAPORIT TABLET),410066,BIAYA KEBERSIHAN - EXISTING STORE (KAPORIT TABLET)
410125JASA PEMBANGUNAN / RENOVASI - DC,410125,JASA PEMBANGUNAN / RENOVASI - DC
410065PEMBANGUNAN / RENOVASI - DC,410065,PEMBANGUNAN / RENOVASI - DC
410047IT Cost (Pemeliharaan & Spare Part Software) - Resto,410047,IT Cost (Pemeliharaan & Spare Part Software) - Resto
410190SPARE PART LISTRIK - HO,410190,SPARE PART LISTRIK - HO
410007SPARE PARTS IT COST - STORE (BREKET TV),410007,SPARE PARTS IT COST - STORE (BREKET TV)
410007SPARE PARTS IT COST - STORE (KABEL HDMI 20 M),410007,SPARE PARTS IT COST - STORE (KABEL HDMI 20 M)
410007SPARE PARTS IT COST - STORE (SPEAKER BMB),410007,SPARE PARTS IT COST - STORE (SPEAKER BMB)
410003HANDPHONE (HP),410003,HANDPHONE (HP)
410003HANDPHONE(HP),410003,HANDPHONE(HP)
410272POLY BAG SAMPAH - RESTO,410272,POLY BAG SAMPAH - RESTO
410275KABEL TIES - RESTO,410275,KABEL TIES - RESTO
410275KABEL TIES - RESTO,410275,KABEL TIES - RESTO
410273SABUN CUCI PIRING - RESTO,410273,SABUN CUCI PIRING - RESTO
410275KABEL TIES,410275,KABEL TIES
410215Beban Perjalanan Dinas - HO,410215,Beban Perjalanan Dinas - HO
200562UPS KENIKA 2200 VA,200562,UPS KENIKA 2200 VA
200700CONTROL LS 40,200700,CONTROL LS 40
200679PIG TAL 100 CM + COUPLE GAS,200679,PIG TAL 100 CM + COUPLE GAS
410060Kebersihan - CP (SPON CUCI PIRING),410060,Kebersihan - CP (SPON CUCI PIRING)
410060Kebersihan - CP (POLY BAG SAMPAH),410060,Kebersihan - CP (POLY BAG SAMPAH)
410060Kebersihan - CP (POLYBAG SAMPAH),410060,Kebersihan - CP (POLYBAG SAMPAH)
410060Kebersihan - CP (SPONS CUCI),410060,Kebersihan - CP (SPONS CUCI)
200562UPS KENIKA 1200 VA,200562,UPS KENIKA 1200 VA
200063EROS STAINLESS UK 60 CC,200063,EROS STAINLESS UK 60 CC
200064EROS STAINLESS UK 90 CC,200064,EROS STAINLESS UK 90 CC
100202SIGNATURE BROWN SUGAR,100202,SIGNATURE BROWN SUGAR
100201MUTIARA BOBA PEARL,100201,MUTIARA BOBA PEARL
410003SCANNER KASSEN RS-720,410003,SCANNER KASSEN RS-720
410139IT Cost (Cloud/Software/Web) - HO,410139,IT Cost (Cloud/Software/Web) - HO
200442KABEL TIES - RESTO,200442,KABEL TIES - RESTO
410096Biaya Pengembangan Produk - CP,410096,Biaya Pengembangan Produk - CP
410169Spare parts it cost - HO (KABEL POWER NOTEBOOK),410169,Spare parts it cost - HO (KABEL POWER NOTEBOOK)
410169Spare parts it cost - HO (KABEL POWER PRINTER),410169,Spare parts it cost - HO (KABEL POWER PRINTER)
410060Kebersihan - CP polybag sampah,410060,Kebersihan - CP polybag sampah
410060Kebersihan - CP spons,410060,Kebersihan - CP spons
200231FAUCET STOP TAP,200231,FAUCET STOP TAP
410003PRINTER - EPSON L3210,410003,PRINTER - EPSON L3210
410276Beban Jasa Maklon - CP,410276,Beban Jasa Maklon - CP
410134JASA INSTALASI / PEMBANGUNAN - NEW CP,410134,JASA INSTALASI / PEMBANGUNAN - NEW CP
410003SCANNER BARCODE RS-720,410003,SCANNER BARCODE RS-720
410051Keamanan - HO,410051,Keamanan - HO
410204Hutang Pph 21,410204,Hutang Pph 21
410290Beban Jasa Instalasi Inventaris - Resto,410290,Beban Jasa Instalasi Inventaris - Resto
410280Beban Jasa Instalasi Mesin & Peralatan - Resto,410280,Beban Jasa Instalasi Mesin & Peralatan - Resto
410273SABUN CUCI PIRING -RESTO,410273,SABUN CUCI PIRING -RESTO
410288Beban Survey dan Design Bangunan - Resto,410288,Beban Survey dan Design Bangunan - Resto
410032Sumbangan - Resto,410032,Sumbangan - Resto
410279Beban Jasa Instalasi Listrik - Resto,410279,Beban Jasa Instalasi Listrik - Resto
410282Beban Jasa Kebersihan - Resto,410282,Beban Jasa Kebersihan - Resto
410060Kebersihan - CP polybag,410060,Kebersihan - CP polybag
410289Beban Jasa Instalasi Mesin & Peralatan - CP,410289,Beban Jasa Instalasi Mesin & Peralatan - CP
410178JASA PEMELIHARAAN INVENTARIS - HO,410178,JASA PEMELIHARAAN INVENTARIS - HO
410281Beban Jasa Kebersihan - CP,410281,Beban Jasa Kebersihan - CP
410284Beban Jasa Percetakan - HO,410284,Beban Jasa Percetakan - HO
410283Beban Jasa Percetakan - CP,410283,Beban Jasa Percetakan - CP
410277Beban Jasa Instalasi Air - Resto,410277,Beban Jasa Instalasi Air - Resto
410285Beban Jasa Percetakan - Resto,410285,Beban Jasa Percetakan - Resto
410272POLY BAG SAMPAH,410272,POLY BAG SAMPAH
410119Jasa Pemeliharaan Inventaris - RestoX,410119,Jasa Pemeliharaan Inventaris - RestoX
